,Title,World Sales,Year Released,Rotten Tomatoes Score,IMDB Score,Director(s),Headlining Actor(s),Studio,Runtime,Rating,Genre
0,Star Wars: Episode VII - The Force Awakens,2069521700,2015,93%,7.8,J.J. Abrams,"Daisy Ridley, John Boyega, Oscar Isaac",Walt Disney Studios Motion Pictures,138 min,PG-13,"['Action', 'Adventure', 'Sci-Fi']"
1,Avengers: Endgame,2797501328,2019,94%,8.4,"Anthony Russo, Joe Russo","Robert Downey Jr., Chris Evans, Mark Ruffalo",Walt Disney Studios Motion Pictures,181 min,PG-13,"['Action', 'Adventure', 'Drama', 'Sci-Fi']"
2,Avatar,2847246203,2009,82%,7.9,James Cameron,"Sam Worthington, Zoe Saldana, Sigourney Weaver",Twentieth Century Fox,162 min,PG-13,"['Action', 'Adventure', 'Fantasy', 'Sci-Fi']"
3,Black Panther,1347597973,2018,96%,7.3,Ryan Coogler,"Chadwick Boseman, Michael B. Jordan, Lupita Nyong'o",Walt Disney Studios Motion Pictures,134 min,PG-13,"['Action', 'Adventure', 'Sci-Fi']"
4,Avengers: Infinity War,2048359754,2018,85%,8.4,"Anthony Russo, Joe Russo","Robert Downey Jr., Chris Hemsworth, Mark Ruffalo",Walt Disney Studios Motion Pictures,149 min,PG-13,"['Action', 'Adventure', 'Sci-Fi']"
5,Spider-Man: No Way Home,1544455963,2021,93%,8.2,Jon Watts,"Tom Holland, Zendaya, Benedict Cumberbatch",Sony Pictures Entertainment (SPE),148 min,PG-13,"['Action', 'Adventure', 'Fantasy', 'Sci-Fi']"
6,Titanic,2201647264,1997,88%,7.9,James Cameron,"Leonardo DiCaprio, Kate Winslet, Billy Zane",Paramount Pictures,194 min,PG-13,"['Drama', 'Romance']"
7,Jurassic World,1670516444,2015,71%,6.9,Colin Trevorrow,"Chris Pratt, Bryce Dallas Howard, Ty Simpkins",Universal Pictures,124 min,PG-13,"['Action', 'Adventure', 'Sci-Fi']"
8,The Avengers,1518815515,2012,91%,8.0,Joss Whedon,"Robert Downey Jr., Chris Evans, Scarlett Johansson",Walt Disney Studios Motion Pictures,143 min,PG-13,"['Action', 'Adventure', 'Sci-Fi']"
9,Star Wars: Episode VIII - The Last Jedi,1332698830,2017,91%,6.9,Rian Johnson,"Daisy Ridley, John Boyega, Mark Hamill",Walt Disney Studios Motion Pictures,152 min,PG-13,"['Action', 'Adventure', 'Fantasy', 'Sci-Fi']"
10,Incredibles 2,1243089244,2018,93%,7.6,Brad Bird,"Craig T. Nelson, Holly Hunter, Sarah Vowell",Walt Disney Studios Motion Pictures,118 min,PG,"['Action', 'Adventure', 'Animation', 'Comedy', 'Family', 'Sci-Fi']"
11,The Lion King,1662899439,1994,93%,8.5,"Roger Allers, Rob Minkoff","Matthew Broderick, Jeremy Irons, James Earl Jones",Walt Disney Studios Motion Pictures,88 min,G,"['Adventure', 'Animation', 'Drama', 'Family', 'Musical']"
12,The Dark Knight,1005973645,2008,94%,9.0,Christopher Nolan,"Christian Bale, Heath Ledger, Aaron Eckhart",Warner Bros.,152 min,PG-13,"['Action', 'Crime', 'Drama', 'Thriller']"
13,Rogue One: A Star Wars Story,1056057720,2016,84%,7.8,Gareth Edwards,"Felicity Jones, Diego Luna, Alan Tudyk",Walt Disney Studios Motion Pictures,133 min,PG-13,"['Action', 'Adventure', 'Sci-Fi']"
14,Star Wars: Episode IX - The Rise of Skywalker,1074149279,2019,52%,6.5,J.J. Abrams,"Daisy Ridley, John Boyega, Oscar Isaac",Walt Disney Studios Motion Pictures,141 min,PG-13,"['Action', 'Adventure', 'Fantasy', 'Sci-Fi']"
15,Beauty and the Beast,1273576220,1991,94%,8.0,"Gary Trousdale, Kirk Wise","Paige O'Hara, Robby Benson, Jesse Corti",Walt Disney Studios Motion Pictures,84 min,G,"['Adventure', 'Family', 'Fantasy', 'Musical', 'Romance']"
16,Finding Dory,1028570942,2016,94%,7.3,"Andrew Stanton, Angus MacLane","Ellen DeGeneres, Albert Brooks, Ed O'Neill",Walt Disney Studios Motion Pictures,97 min,PG,"['Adventure', 'Animation', 'Comedy', 'Family']"
17,Frozen II,1450026933,2019,77%,6.8,"Chris Buck, Jennifer Lee","Kristen Bell, Idina Menzel, Josh Gad",Walt Disney Studios Motion Pictures,103 min,PG,"['Adventure', 'Animation', 'Comedy', 'Family', 'Fantasy', 'Musical']"
18,Star Wars: Episode I - The Phantom Menace,1027082707,1999,51%,6.5,George Lucas,"Ewan McGregor, Liam Neeson, Natalie Portman",Twentieth Century Fox,136 min,PG,"['Action', 'Adventure', 'Fantasy', 'Sci-Fi']"
19,Star Wars: Episode IV - A New Hope,775398007,1977,93%,8.6,George Lucas,"Mark Hamill, Harrison Ford, Carrie Fisher",Twentieth Century Fox,121 min,PG,"['Action', 'Adventure', 'Fantasy', 'Sci-Fi']"
20,Avengers: Age of Ultron,1402809540,2015,76%,7.3,Joss Whedon,"Robert Downey Jr., Chris Evans, Mark Ruffalo",Walt Disney Studios Motion Pictures,141 min,PG-13,"['Action', 'Adventure', 'Sci-Fi']"
21,The Dark Knight Rises,1081142612,2012,87%,8.4,Christopher Nolan,"Christian Bale, Tom Hardy, Anne Hathaway",Warner Bros.,164 min,PG-13,"['Action', 'Crime', 'Drama']"
22,Shrek 2,928760770,2004,89%,7.3,"Andrew Adamson, Kelly Asbury, Conrad Vernon","Mike Myers, Eddie Murphy, Cameron Diaz",DreamWorks Distribution,93 min,PG,"['Adventure', 'Animation', 'Comedy', 'Family', 'Fantasy', 'Romance']"
23,E.T. the Extra-Terrestrial,792910554,1982,99%,7.9,Steven Spielberg,"Henry Thomas, Drew Barrymore, Peter Coyote",Universal Pictures,115 min,PG,"['Adventure', 'Family', 'Sci-Fi']"
24,Toy Story 4,1073394593,2019,97%,7.7,Josh Cooley,"Tom Hanks, Tim Allen, Annie Potts",Walt Disney Studios Motion Pictures,100 min,G,"['Adventure', 'Animation', 'Comedy', 'Family', 'Fantasy']"
25,Captain Marvel,1128462972,2019,79%,6.8,"Anna Boden, Ryan Fleck","Brie Larson, Samuel L. Jackson, Ben Mendelsohn",Walt Disney Studios Motion Pictures,123 min,PG-13,"['Action', 'Adventure', 'Sci-Fi']"
26,The Hunger Games: Catching Fire,865011746,2013,90%,7.5,Francis Lawrence,"Jennifer Lawrence, Josh Hutcherson, Liam Hemsworth",Lionsgate,146 min,PG-13,"['Action', 'Adventure', 'Drama', 'Sci-Fi', 'Thriller']"
27,Pirates of the Caribbean: Dead Man's Chest,1066179747,2006,53%,7.3,Gore Verbinski,"Johnny Depp, Orlando Bloom, Keira Knightley",Walt Disney Studios Motion Pictures,151 min,PG-13,"['Action', 'Adventure', 'Fantasy']"
28,The Lion King,1063611805,1994,93%,8.5,"Roger Allers, Rob Minkoff","Matthew Broderick, Jeremy Irons, James Earl Jones",Walt Disney Studios Motion Pictures,88 min,G,"['Adventure', 'Animation', 'Drama', 'Family', 'Musical']"
29,Jurassic World: Fallen Kingdom,1310466296,2018,47%,6.1,J.A. Bayona,"Chris Pratt, Bryce Dallas Howard, Rafe Spall",Universal Pictures,128 min,PG-13,"['Action', 'Adventure', 'Sci-Fi']"
30,Toy Story 3,1066970811,2010,98%,8.3,Lee Unkrich,"Tom Hanks, Tim Allen, Joan Cusack",Walt Disney Studios Motion Pictures,103 min,G,"['Adventure', 'Animation', 'Comedy', 'Family', 'Fantasy']"
31,Wonder Woman,822824522,2017,93%,7.4,Patty Jenkins,"Gal Gadot, Chris Pine, Robin Wright",Warner Bros.,141 min,PG-13,"['Action', 'Adventure', 'Fantasy', 'Sci-Fi', 'War']"
32,Iron Man 3,1214811252,2013,79%,7.1,Shane Black,"Robert Downey Jr., Guy Pearce, Gwyneth Paltrow",Walt Disney Studios Motion Pictures,130 min,PG-13,"['Action', 'Adventure', 'Sci-Fi']"
33,Captain America: Civil War,1153337496,2016,90%,7.8,"Anthony Russo, Joe Russo","Chris Evans, Robert Downey Jr., Scarlett Johansson",Walt Disney Studios Motion Pictures,147 min,PG-13,"['Action', 'Adventure', 'Sci-Fi']"
34,The Hunger Games,694394724,2012,84%,7.2,Gary Ross,"Jennifer Lawrence, Josh Hutcherson, Liam Hemsworth",Lionsgate,142 min,PG-13,"['Action', 'Adventure', 'Sci-Fi', 'Thriller']"
35,Spider-Man,825025036,2002,90%,7.4,Sam Raimi,"Tobey Maguire, Kirsten Dunst, Willem Dafoe",Sony Pictures Entertainment (SPE),121 min,PG-13,"['Action', 'Adventure', 'Sci-Fi']"
36,Jumanji: Welcome to the Jungle,962542945,2017,76%,6.9,Jake Kasdan,"Dwayne Johnson, Karen Gillan, Kevin Hart",Sony Pictures Entertainment (SPE),119 min,PG-13,"['Action', 'Adventure', 'Comedy', 'Fantasy']"
37,Jurassic Park,1033928303,1993,91%,8.2,Steven Spielberg,"Sam Neill, Laura Dern, Jeff Goldblum",Universal Pictures,127 min,PG-13,"['Action', 'Adventure', 'Sci-Fi', 'Thriller']"
38,Transformers: Revenge of the Fallen,836303693,2009,20%,5.9,Michael Bay,"Shia LaBeouf, Megan Fox, Josh Duhamel",DreamWorks,149 min,PG-13,"['Action', 'Adventure', 'Sci-Fi']"
39,Frozen,1281508100,2013,90%,7.4,"Chris Buck, Jennifer Lee","Kristen Bell, Idina Menzel, Jonathan Groff",Walt Disney Studios Motion Pictures,102 min,PG,"['Adventure', 'Animation', 'Comedy', 'Family', 'Fantasy', 'Musical']"
40,Spider-Man: Far from Home,1131927996,2019,90%,7.4,Jon Watts,"Tom Holland, Samuel L. Jackson, Jake Gyllenhaal",Sony Pictures Entertainment (SPE),129 min,PG-13,"['Action', 'Adventure', 'Sci-Fi']"
41,Guardians of the Galaxy Vol. 2,863756051,2017,85%,7.6,James Gunn,"Chris Pratt, Zoe Saldana, Dave Bautista",Walt Disney Studios Motion Pictures,136 min,PG-13,"['Action', 'Adventure', 'Comedy', 'Sci-Fi']"
42,Harry Potter and the Deathly Hallows: Part 2,1342321665,2011,96%,8.1,David Yates,"Daniel Radcliffe, Emma Watson, Rupert Grint",Warner Bros.,130 min,PG-13,"['Adventure', 'Fantasy', 'Mystery']"
43,Finding Nemo,940352645,2003,99%,8.2,"Andrew Stanton, Lee Unkrich","Albert Brooks, Ellen DeGeneres, Alexander Gould",Walt Disney Studios Motion Pictures,100 min,G,"['Adventure', 'Animation', 'Comedy', 'Family']"
44,Star Wars: Episode III - Revenge of the Sith,868390560,2005,79%,7.6,George Lucas,"Hayden Christensen, Natalie Portman, Ewan McGregor",Twentieth Century Fox,140 min,PG-13,"['Action', 'Adventure', 'Fantasy', 'Sci-Fi']"
45,The Lord of the Rings: The Return of the King,1146030912,2003,93%,9.0,Peter Jackson,"Elijah Wood, Viggo Mortensen, Ian McKellen",New Line Cinema,201 min,PG-13,"['Action', 'Adventure', 'Drama', 'Fantasy']"
46,Spider-Man 2,788976453,2004,93%,7.4,Sam Raimi,"Tobey Maguire, Kirsten Dunst, Alfred Molina",Sony Pictures Entertainment (SPE),127 min,PG-13,"['Action', 'Adventure', 'Sci-Fi']"
47,The Passion of the Christ,612054506,2004,49%,7.2,Mel Gibson,"Jim Caviezel, Monica Bellucci, Maia Morgenstern",Newmarket Films,127 min,R,['Drama']
48,The Secret Life of Pets,875458631,2016,72%,6.5,Chris Renaud,"Louis C.K., Eric Stonestreet, Kevin Hart",Universal Pictures,87 min,PG,"['Adventure', 'Animation', 'Comedy', 'Family']"
49,Despicable Me 2,970766005,2013,75%,7.3,"Pierre Coffin, Chris Renaud","Steve Carell, Kristen Wiig, Benjamin Bratt",Universal Pictures,98 min,PG,"['Adventure', 'Animation', 'Comedy', 'Crime', 'Family', 'Sci-Fi']"
50,The Jungle Book,966554929,2016,94%,7.4,Jon Favreau,"Neel Sethi, Bill Murray, Ben Kingsley",Walt Disney Studios Motion Pictures,106 min,PG,"['Adventure', 'Drama', 'Family', 'Fantasy']"
51,Deadpool,782836791,2016,85%,8.0,Tim Miller,"Ryan Reynolds, Morena Baccarin, T.J. Miller",Twentieth Century Fox,108 min,R,"['Action', 'Adventure', 'Comedy', 'Sci-Fi']"
52,Inside Out,858848019,2015,98%,8.2,"Pete Docter, Ronnie Del Carmen","Amy Poehler, Bill Hader, Lewis Black",Walt Disney Studios Motion Pictures,95 min,PG,"['Adventure', 'Animation', 'Comedy', 'Drama', 'Family', 'Fantasy', 'Sci-Fi']"
53,Aladdin,1050693953,1992,95%,8.0,"Ron Clements, John Musker","Scott Weinger, Robin Williams, Linda Larkin",Walt Disney Studios Motion Pictures,90 min,G,"['Adventure', 'Comedy', 'Family', 'Fantasy', 'Musical', 'Romance']"
54,Furious 7,1515341399,2015,81%,7.1,James Wan,"Vin Diesel, Paul Walker, Dwayne Johnson",Universal Pictures,137 min,PG-13,"['Action', 'Thriller']"
55,Transformers: Dark of the Moon,1123794079,2011,35%,6.2,Michael Bay,"Shia LaBeouf, Rosie Huntington-Whiteley, Tyrese Gibson",DreamWorks,154 min,PG-13,"['Action', 'Adventure', 'Sci-Fi']"
56,American Sniper,547426372,2014,72%,7.3,Clint Eastwood,"Bradley Cooper, Sienna Miller, Kyle Gallner",Warner Bros.,133 min,R,"['Action', 'Biography', 'Drama', 'War']"
57,The Lord of the Rings: The Two Towers,947495095,2002,95%,8.8,Peter Jackson,"Elijah Wood, Ian McKellen, Viggo Mortensen",New Line Cinema,179 min,PG-13,"['Action', 'Adventure', 'Drama', 'Fantasy']"
58,Zootopia,1024121104,2016,98%,8.0,"Byron Howard, Rich Moore, Jared Bush","Ginnifer Goodwin, Jason Bateman, Idris Elba",Walt Disney Studios Motion Pictures,108 min,PG,"['Adventure', 'Animation', 'Comedy', 'Crime', 'Family', 'Mystery']"
59,The Hunger Games: Mockingjay - Part 1,755356711,2014,69%,6.6,Francis Lawrence,"Jennifer Lawrence, Josh Hutcherson, Liam Hemsworth",Lionsgate,123 min,PG-13,"['Action', 'Adventure', 'Sci-Fi', 'Thriller']"
60,Spider-Man 3,894983373,2007,63%,6.3,Sam Raimi,"Tobey Maguire, Kirsten Dunst, Topher Grace",Sony Pictures Entertainment (SPE),139 min,PG-13,"['Action', 'Adventure', 'Sci-Fi']"
61,Minions,1159444662,2015,55%,6.4,"Kyle Balda, Pierre Coffin","Sandra Bullock, Jon Hamm, Michael Keaton",Universal Pictures,91 min,PG,"['Adventure', 'Animation', 'Comedy', 'Crime', 'Family', 'Sci-Fi']"
62,Joker,1074419384,2019,68%,8.4,Todd Phillips,"Joaquin Phoenix, Robert De Niro, Zazie Beetz",Warner Bros.,122 min,R,"['Crime', 'Drama', 'Thriller']"
63,Aquaman,1148485886,2018,65%,6.8,James Wan,"Jason Momoa, Amber Heard, Willem Dafoe",Warner Bros.,143 min,PG-13,"['Action', 'Adventure', 'Fantasy', 'Sci-Fi']"
64,Spider-Man: Homecoming,880166924,2017,92%,7.4,Jon Watts,"Tom Holland, Michael Keaton, Robert Downey Jr.",Sony Pictures Entertainment (SPE),133 min,PG-13,"['Action', 'Adventure', 'Sci-Fi']"
65,Alice in Wonderland,1025468216,2010,51%,6.4,Tim Burton,"Mia Wasikowska, Johnny Depp, Helena Bonham Carter",Walt Disney Studios Motion Pictures,108 min,PG,"['Adventure', 'Family', 'Fantasy', 'Mystery']"
66,Guardians of the Galaxy,773350147,2014,92%,8.0,James Gunn,"Chris Pratt, Vin Diesel, Bradley Cooper",Walt Disney Studios Motion Pictures,121 min,PG-13,"['Action', 'Adventure', 'Comedy', 'Sci-Fi']"
67,Forrest Gump,678226133,1994,71%,8.8,Robert Zemeckis,"Tom Hanks, Robin Wright, Gary Sinise",Paramount Pictures,142 min,PG-13,"['Drama', 'Romance']"
68,Batman v Superman: Dawn of Justice,873637528,2016,29%,6.4,Zack Snyder,"Ben Affleck, Henry Cavill, Amy Adams",Warner Bros.,151 min,PG-13,"['Action', 'Adventure', 'Sci-Fi']"
69,It,701796444,2017,86%,7.3,Andy Muschietti,"Bill Skarsgård, Jaeden Martell, Finn Wolfhard",Warner Bros.,135 min,R,['Horror']
70,Suicide Squad,746846894,2016,26%,5.9,David Ayer,"Will Smith, Jared Leto, Margot Robbie",Warner Bros.,123 min,PG-13,"['Action', 'Adventure', 'Fantasy', 'Sci-Fi']"
71,Deadpool 2,785896609,2018,84%,7.7,David Leitch,"Ryan Reynolds, Josh Brolin, Morena Baccarin",Twentieth Century Fox,119 min,R,"['Action', 'Adventure', 'Comedy', 'Sci-Fi']"
72,Shrek the Third,813367380,2007,41%,6.1,"Chris Miller, Raman Hui","Mike Myers, Cameron Diaz, Eddie Murphy",DreamWorks,93 min,PG,"['Adventure', 'Animation', 'Comedy', 'Family', 'Fantasy', 'Romance']"
73,Jumanji: The Next Level,800059707,2019,71%,6.7,Jake Kasdan,"Dwayne Johnson, Jack Black, Kevin Hart",Sony Pictures Entertainment (SPE),123 min,PG-13,"['Action', 'Adventure', 'Comedy', 'Fantasy']"
74,Transformers,709709780,2007,58%,7.0,Michael Bay,"Shia LaBeouf, Megan Fox, Josh Duhamel",DreamWorks,144 min,PG-13,"['Action', 'Adventure', 'Sci-Fi']"
75,Iron Man,585796247,2008,94%,7.9,Jon Favreau,"Robert Downey Jr., Gwyneth Paltrow, Terrence Howard",Paramount Pictures,126 min,PG-13,"['Action', 'Adventure', 'Sci-Fi']"
76,Harry Potter and the Sorcerer's Stone,1016813075,2001,81%,7.6,Chris Columbus,"Daniel Radcliffe, Rupert Grint, Richard Harris",Warner Bros.,152 min,PG,"['Adventure', 'Family', 'Fantasy']"
77,Indiana Jones and the Kingdom of the Crystal Skull,790653942,2008,78%,6.2,Steven Spielberg,"Harrison Ford, Cate Blanchett, Shia LaBeouf",Paramount Pictures,122 min,PG-13,"['Action', 'Adventure']"
78,The Lord of the Rings: The Fellowship of the Ring,897690072,2001,91%,8.8,Peter Jackson,"Elijah Wood, Ian McKellen, Orlando Bloom",New Line Cinema,178 min,PG-13,"['Action', 'Adventure', 'Drama', 'Fantasy']"
79,Thor: Ragnarok,853983911,2017,93%,7.9,Taika Waititi,"Chris Hemsworth, Tom Hiddleston, Cate Blanchett",Walt Disney Studios Motion Pictures,130 min,PG-13,"['Action', 'Adventure', 'Comedy', 'Fantasy', 'Sci-Fi']"
80,Iron Man 2,623933331,2010,71%,6.9,Jon Favreau,"Robert Downey Jr., Mickey Rourke, Gwyneth Paltrow",Paramount Pictures,124 min,PG-13,"['Action', 'Adventure', 'Sci-Fi']"
81,Star Wars: Episode II - Attack of the Clones,653779970,2002,65%,6.6,George Lucas,"Hayden Christensen, Natalie Portman, Ewan McGregor",Twentieth Century Fox,142 min,PG,"['Action', 'Adventure', 'Fantasy', 'Sci-Fi']"
82,Pirates of the Caribbean: At World's End,960996492,2007,44%,7.1,Gore Verbinski,"Johnny Depp, Orlando Bloom, Keira Knightley",Walt Disney Studios Motion Pictures,169 min,PG-13,"['Action', 'Adventure', 'Fantasy']"
83,Star Wars: Episode VI - Return of the Jedi,475106177,1983,83%,8.3,Richard Marquand,"Mark Hamill, Harrison Ford, Carrie Fisher",Twentieth Century Fox,131 min,PG,"['Action', 'Adventure', 'Fantasy', 'Sci-Fi']"
84,Independence Day,817400891,1996,67%,7.0,Roland Emmerich,"Will Smith, Bill Pullman, Jeff Goldblum",Twentieth Century Fox,145 min,PG-13,"['Action', 'Adventure', 'Sci-Fi']"
85,Pirates of the Caribbean: The Curse of the Black Pearl,654264015,2003,80%,8.1,Gore Verbinski,"Johnny Depp, Geoffrey Rush, Orlando Bloom",Walt Disney Studios Motion Pictures,143 min,PG-13,"['Action', 'Adventure', 'Fantasy']"
86,Skyfall,1108569499,2012,92%,7.8,Sam Mendes,"Daniel Craig, Javier Bardem, Naomie Harris",Sony Pictures Entertainment (SPE),143 min,PG-13,"['Action', 'Adventure', 'Thriller']"
87,The Hobbit: An Unexpected Journey,1017003568,2012,64%,7.8,Peter Jackson,"Martin Freeman, Ian McKellen, Richard Armitage",Warner Bros.,169 min,PG-13,"['Adventure', 'Fantasy']"
88,Harry Potter and the Half-Blood Prince,934454096,2009,84%,7.6,David Yates,"Daniel Radcliffe, Emma Watson, Rupert Grint",Warner Bros.,153 min,PG,"['Action', 'Adventure', 'Family', 'Fantasy', 'Mystery']"
89,The Twilight Saga: Eclipse,698491347,2010,47%,5.0,David Slade,"Kristen Stewart, Robert Pattinson, Taylor Lautner",Summit Entertainment,124 min,PG-13,"['Action', 'Adventure', 'Drama', 'Fantasy', 'Romance', 'Thriller']"
90,The Twilight Saga: New Moon,711025481,2009,29%,4.7,Chris Weitz,"Kristen Stewart, Robert Pattinson, Taylor Lautner",Summit Entertainment,130 min,PG-13,"['Adventure', 'Drama', 'Fantasy', 'Romance']"
91,Harry Potter and the Deathly Hallows: Part 1,977043483,2010,77%,7.7,David Yates,"Daniel Radcliffe, Emma Watson, Rupert Grint",Warner Bros.,146 min,PG-13,"['Adventure', 'Family', 'Fantasy', 'Mystery']"
92,The Sixth Sense,672806432,1999,86%,8.2,M. Night Shyamalan,"Bruce Willis, Haley Joel Osment, Toni Collette",Walt Disney Studios Motion Pictures,107 min,PG-13,"['Drama', 'Mystery', 'Thriller']"
93,Up,735099102,2009,98%,8.3,"Pete Docter, Bob Peterson","Edward Asner, Jordan Nagai, John Ratzenberger",Walt Disney Studios Motion Pictures,96 min,PG,"['Adventure', 'Animation', 'Comedy', 'Drama', 'Family']"
94,Star Wars: Episode V - The Empire Strikes Back,538375067,1980,94%,8.7,Irvin Kershner,"Mark Hamill, Harrison Ford, Carrie Fisher",Twentieth Century Fox,124 min,PG,"['Action', 'Adventure', 'Fantasy', 'Sci-Fi']"
95,Inception,836836967,2010,87%,8.8,Christopher Nolan,"Leonardo DiCaprio, Joseph Gordon-Levitt, Elliot Page",Warner Bros.,148 min,PG-13,"['Action', 'Adventure', 'Sci-Fi', 'Thriller']"
96,Harry Potter and the Order of the Phoenix,942172396,2007,78%,7.5,David Yates,"Daniel Radcliffe, Emma Watson, Rupert Grint",Warner Bros.,138 min,PG-13,"['Action', 'Adventure', 'Family', 'Fantasy', 'Mystery']"
97,The Twilight Saga: Breaking Dawn - Part 2,829747654,2012,49%,5.5,Bill Condon,"Kristen Stewart, Robert Pattinson, Taylor Lautner",Lionsgate,115 min,PG-13,"['Adventure', 'Drama', 'Fantasy', 'Romance']"
98,"The Chronicles of Narnia: The Lion, the Witch and the Wardrobe",745013115,2005,75%,6.9,Andrew Adamson,"Tilda Swinton, Georgie Henley, William Moseley",Walt Disney Studios Motion Pictures,143 min,PG,"['Adventure', 'Family', 'Fantasy']"
99,Man of Steel,668045518,2013,56%,7.1,Zack Snyder,"Henry Cavill, Amy Adams, Michael Shannon",Warner Bros.,143 min,PG-13,"['Action', 'Adventure', 'Sci-Fi']"
100,"Monsters, Inc.",579707738,2001,96%,8.1,"Pete Docter, David Silverman, Lee Unkrich","Billy Crystal, John Goodman, Mary Gibbs",Walt Disney Studios Motion Pictures,92 min,G,"['Adventure', 'Animation', 'Comedy', 'Family', 'Fantasy']"
101,Harry Potter and the Goblet of Fire,896678241,2005,88%,7.7,Mike Newell,"Daniel Radcliffe, Emma Watson, Rupert Grint",Warner Bros.,157 min,PG-13,"['Adventure', 'Family', 'Fantasy', 'Mystery']"
102,Home Alone,476684675,1990,66%,7.7,Chris Columbus,"Macaulay Culkin, Joe Pesci, Daniel Stern",Twentieth Century Fox,103 min,PG,"['Comedy', 'Family']"
103,The Hunger Games: Mockingjay - Part 2,658344137,2015,70%,6.5,Francis Lawrence,"Jennifer Lawrence, Josh Hutcherson, Liam Hemsworth",Lionsgate,137 min,PG-13,"['Action', 'Adventure', 'Sci-Fi', 'Thriller']"
104,The Matrix Reloaded,741847937,2003,73%,7.2,"Lana Wachowski, Lilly Wachowski","Keanu Reeves, Laurence Fishburne, Carrie-Anne Moss",Warner Bros.,138 min,R,"['Action', 'Sci-Fi']"
105,The Twilight Saga: Breaking Dawn - Part 1,712205856,2011,25%,4.9,Bill Condon,"Kristen Stewart, Robert Pattinson, Taylor Lautner",Summit Entertainment,117 min,PG-13,"['Adventure', 'Drama', 'Fantasy', 'Romance', 'Thriller']"
106,Meet the Fockers,522657936,2004,38%,6.3,Jay Roach,"Ben Stiller, Robert De Niro, Blythe Danner",Universal Pictures,115 min,PG-13,"['Comedy', 'Romance']"
107,The Hangover,469310836,2009,79%,7.7,Todd Phillips,"Zach Galifianakis, Bradley Cooper, Justin Bartha",Warner Bros.,100 min,R,['Comedy']
108,Gravity,723192705,2013,96%,7.7,Alfonso Cuarón,"Sandra Bullock, George Clooney, Ed Harris",Warner Bros.,91 min,PG-13,"['Action', 'Drama', 'Sci-Fi', 'Thriller']"
109,The Grinch,512568819,2018,59%,6.4,"Yarrow Cheney, Scott Mosier","Benedict Cumberbatch, Cameron Seely, Rashida Jones",Universal Pictures,85 min,PG,"['Adventure', 'Animation', 'Comedy', 'Family', 'Fantasy', 'Musical']"
110,Sing,634208384,2016,71%,7.1,"Garth Jennings, Christophe Lourdelet","Matthew McConaughey, Reese Witherspoon, Seth MacFarlane",Universal Pictures,108 min,PG,"['Animation', 'Comedy', 'Family', 'Musical']"
111,Monsters University,743559645,2013,80%,7.2,Dan Scanlon,"Billy Crystal, John Goodman, Steve Buscemi",Walt Disney Studios Motion Pictures,104 min,G,"['Adventure', 'Animation', 'Comedy', 'Family', 'Fantasy']"
112,Shrek,487853320,2001,88%,7.9,"Andrew Adamson, Vicky Jenson","Mike Myers, Eddie Murphy, Cameron Diaz",DreamWorks Distribution,90 min,PG,"['Adventure', 'Animation', 'Comedy', 'Family', 'Fantasy', 'Romance']"
113,Despicable Me 3,1034800131,2017,59%,6.2,"Kyle Balda, Pierre Coffin, Eric Guillon","Steve Carell, Kristen Wiig, Trey Parker",Universal Pictures,89 min,PG,"['Adventure', 'Animation', 'Comedy', 'Crime', 'Family', 'Sci-Fi']"
114,Harry Potter and the Chamber of Secrets,879602366,2002,82%,7.4,Chris Columbus,"Daniel Radcliffe, Rupert Grint, Emma Watson",Warner Bros.,161 min,PG,"['Adventure', 'Family', 'Fantasy', 'Mystery']"
115,The Amazing Spider-Man,757930663,2012,71%,6.9,Marc Webb,"Andrew Garfield, Emma Stone, Rhys Ifans",Sony Pictures Entertainment (SPE),136 min,PG-13,"['Action', 'Adventure', 'Sci-Fi']"
116,The Incredibles,631607053,2004,90/100,8.0,Brad Bird,"Craig T. Nelson, Samuel L. Jackson, Holly Hunter",Walt Disney Studios Motion Pictures,115 min,PG,"['Action', 'Adventure', 'Animation', 'Family']"
117,Jaws,471411300,1975,97%,8.1,Steven Spielberg,"Roy Scheider, Robert Shaw, Richard Dreyfuss",Universal Pictures,124 min,PG,"['Adventure', 'Thriller']"
118,How the Grinch Stole Christmas,345573032,2000,49%,6.3,Ron Howard,"Jim Carrey, Taylor Momsen, Kelley",Universal Pictures,104 min,PG,"['Comedy', 'Family', 'Fantasy']"
119,Captain America: The Winter Soldier,714421503,2014,90%,7.8,"Anthony Russo, Joe Russo","Chris Evans, Samuel L. Jackson, Scarlett Johansson",Walt Disney Studios Motion Pictures,136 min,PG-13,"['Action', 'Adventure', 'Sci-Fi', 'Thriller']"
120,The Hobbit: The Desolation of Smaug,959007513,2013,74%,7.8,Peter Jackson,"Ian McKellen, Martin Freeman, Richard Armitage",Warner Bros.,161 min,PG-13,"['Adventure', 'Fantasy']"
121,The Lego Movie,468060692,2014,96%,7.7,"Phil Lord, Christopher Miller","Chris Pratt, Will Ferrell, Elizabeth Banks",Warner Bros.,100 min,PG,"['Action', 'Adventure', 'Animation', 'Comedy', 'Family', 'Fantasy', 'Sci-Fi']"
122,Star Trek,385680446,2009,94%,7.9,J.J. Abrams,"Chris Pine, Zachary Quinto, Simon Pegg",Paramount Pictures,127 min,PG-13,"['Action', 'Adventure', 'Sci-Fi']"
123,I Am Legend,585410052,2007,68%,7.2,Francis Lawrence,"Will Smith, Alice Braga, Charlie Tahan",Warner Bros.,101 min,PG-13,"['Action', 'Drama', 'Sci-Fi', 'Thriller']"
124,The Blind Side,309208309,2009,66%,7.6,John Lee Hancock,"Quinton Aaron, Sandra Bullock, Tim McGraw",Warner Bros.,129 min,PG-13,"['Biography', 'Drama', 'Sport']"
125,The Hobbit: The Battle of the Five Armies,962182865,2014,59%,7.4,Peter Jackson,"Ian McKellen, Martin Freeman, Richard Armitage",Warner Bros.,144 min,PG-13,"['Adventure', 'Fantasy']"
126,The Hangover Part II,586764305,2011,34%,6.5,Todd Phillips,"Bradley Cooper, Zach Galifianakis, Ed Helms",Warner Bros.,102 min,R,['Comedy']
127,Despicable Me,543113985,2010,80%,7.6,"Pierre Coffin, Chris Renaud","Steve Carell, Jason Segel, Russell Brand",Universal Pictures,95 min,PG,"['Adventure', 'Animation', 'Comedy', 'Crime', 'Family', 'Sci-Fi']"
128,Batman,411508343,1989,73%,7.5,Tim Burton,"Michael Keaton, Jack Nicholson, Kim Basinger",Warner Bros.,126 min,PG-13,"['Action', 'Adventure']"
129,Night at the Museum,574481229,2006,43%,6.4,Shawn Levy,"Ben Stiller, Carla Gugino, Ricky Gervais",Twentieth Century Fox,108 min,PG,"['Adventure', 'Comedy', 'Family', 'Fantasy']"
130,Men in Black,589390539,1997,91%,7.3,Barry Sonnenfeld,"Tommy Lee Jones, Will Smith, Linda Fiorentino",Sony Pictures Entertainment (SPE),98 min,PG-13,"['Action', 'Adventure', 'Comedy', 'Sci-Fi']"
131,Harry Potter and the Prisoner of Azkaban,797361618,2004,90%,7.9,Alfonso Cuarón,"Daniel Radcliffe, Emma Watson, Rupert Grint",Warner Bros.,142 min,PG,"['Adventure', 'Family', 'Fantasy', 'Mystery']"
132,Moana,644136488,2016,95%,7.6,"Ron Clements, John Musker, Don Hall","Auli'i Cravalho, Dwayne Johnson, Rachel House",Walt Disney Studios Motion Pictures,107 min,PG,"['Adventure', 'Animation', 'Comedy', 'Family', 'Fantasy', 'Musical']"
133,Indiana Jones and the Raiders of the Lost Ark,389925971,1981,96%,8.4,Steven Spielberg,"Harrison Ford, Karen Allen, Paul Freeman",Paramount Pictures,115 min,PG,"['Action', 'Adventure']"
134,Toy Story 2,497375381,1999,100%,7.9,"John Lasseter, Ash Brannon, Lee Unkrich","Tom Hanks, Tim Allen, Joan Cusack",Walt Disney Studios Motion Pictures,92 min,G,"['Adventure', 'Animation', 'Comedy', 'Family', 'Fantasy']"
135,Transformers: Age of Extinction,1104054072,2014,17%,5.6,Michael Bay,"Mark Wahlberg, Nicola Peltz Beckham, Jack Reynor",Paramount Pictures,165 min,PG-13,"['Action', 'Adventure', 'Sci-Fi']"
136,Cars,461991867,2006,74%,7.2,"John Lasseter, Joe Ranft","Owen Wilson, Bonnie Hunt, Paul Newman",Walt Disney Studios Motion Pictures,117 min,G,"['Adventure', 'Animation', 'Comedy', 'Family', 'Sport']"
137,Ghostbusters,296578797,1984,95%,7.8,Ivan Reitman,"Bill Murray, Dan Aykroyd, Sigourney Weaver",Columbia Pictures,105 min,PG,"['Action', 'Comedy', 'Fantasy', 'Sci-Fi']"
138,Bruce Almighty,484592874,2003,48%,6.8,Tom Shadyac,"Jim Carrey, Jennifer Aniston, Morgan Freeman",Universal Pictures,101 min,PG-13,"['Comedy', 'Fantasy']"
139,Twister,494471524,1996,63%,6.4,Jan de Bont,"Helen Hunt, Bill Paxton, Cary Elwes",Warner Bros.,113 min,PG-13,"['Action', 'Adventure', 'Thriller']"
140,My Big Fat Greek Wedding,368744044,2002,76%,6.6,Joel Zwick,"Nia Vardalos, John Corbett, Michael Constantine",IFC Films,95 min,PG,"['Comedy', 'Drama', 'Romance']"
141,Maleficent,758411779,2014,54%,6.9,Robert Stromberg,"Angelina Jolie, Elle Fanning, Sharlto Copley",Walt Disney Studios Motion Pictures,97 min,PG,"['Adventure', 'Family', 'Fantasy', 'Romance']"
142,Pirates of the Caribbean: On Stranger Tides,1045713802,2011,33%,6.6,Rob Marshall,"Johnny Depp, Penélope Cruz, Ian McShane",Walt Disney Studios Motion Pictures,136 min,PG-13,"['Action', 'Adventure', 'Fantasy']"
143,Shrek Forever After,752600867,2010,57%,6.3,Mike Mitchell,"Mike Myers, Cameron Diaz, Eddie Murphy",DreamWorks,95 min,PG,"['Adventure', 'Animation', 'Comedy', 'Family', 'Fantasy', 'Romance']"
144,Fast & Furious 6,788680968,2013,70%,7.0,Justin Lin,"Vin Diesel, Paul Walker, Dwayne Johnson",Universal Pictures,130 min,PG-13,"['Action', 'Crime', 'Thriller']"
145,Brave,538983207,2012,79%,7.1,"Mark Andrews, Brenda Chapman, Steve Purcell","Kelly Macdonald, Billy Connolly, Emma Thompson",Walt Disney Studios Motion Pictures,93 min,PG,"['Adventure', 'Animation', 'Comedy', 'Family', 'Fantasy']"
146,Oz the Great and Powerful,493311825,2013,56%,6.3,Sam Raimi,"James Franco, Michelle Williams, Rachel Weisz",Walt Disney Studios Motion Pictures,130 min,PG,"['Adventure', 'Family', 'Fantasy']"
147,X-Men: The Last Stand,460435291,2006,57%,6.6,Brett Ratner,"Patrick Stewart, Hugh Jackman, Halle Berry",Twentieth Century Fox,104 min,PG-13,"['Action', 'Adventure', 'Sci-Fi']"
148,War of the Worlds,603873119,2005,75%,6.5,Steven Spielberg,"Tom Cruise, Dakota Fanning, Tim Robbins",Paramount Pictures,116 min,PG-13,"['Action', 'Adventure', 'Sci-Fi']"
149,Fantastic Beasts and Where to Find Them,814044001,2016,74%,7.2,David Yates,"Eddie Redmayne, Katherine Waterston, Alison Sudol",Warner Bros.,132 min,PG-13,"['Adventure', 'Family', 'Fantasy']"
150,X-Men: Days of Future Past,746045700,2014,90%,7.9,Bryan Singer,"Patrick Stewart, Ian McKellen, Hugh Jackman",Twentieth Century Fox,132 min,PG-13,"['Action', 'Adventure', 'Sci-Fi', 'Thriller']"
151,Cast Away,429632142,2000,89%,7.8,Robert Zemeckis,"Tom Hanks, Helen Hunt, Paul Sanchez",Twentieth Century Fox,143 min,PG-13,"['Adventure', 'Drama', 'Romance']"
152,The Exorcist,441306145,1973,84%,8.1,William Friedkin,"Ellen Burstyn, Max von Sydow, Linda Blair",Warner Bros.,122 min,R,['Horror']
153,Doctor Strange,677796076,2016,89%,7.5,Scott Derrickson,"Benedict Cumberbatch, Chiwetel Ejiofor, Rachel McAdams",Walt Disney Studios Motion Pictures,115 min,PG-13,"['Action', 'Adventure', 'Fantasy', 'Sci-Fi']"
154,The Lost World: Jurassic Park,618638999,1997,54%,6.5,Steven Spielberg,"Jeff Goldblum, Julianne Moore, Pete Postlethwaite",Universal Pictures,129 min,PG-13,"['Action', 'Adventure', 'Sci-Fi']"
155,Justice League,657926987,2017,39%,6.1,Zack Snyder,"Ben Affleck, Gal Gadot, Jason Momoa",Warner Bros.,120 min,PG-13,"['Action', 'Adventure', 'Fantasy', 'Sci-Fi']"
156,Star Trek Into Darkness,467365246,2013,84%,7.7,J.J. Abrams,"Chris Pine, Zachary Quinto, Zoe Saldana",Paramount Pictures,132 min,PG-13,"['Action', 'Adventure', 'Sci-Fi']"
157,The Martian,630162448,2015,91%,8.0,Ridley Scott,"Matt Damon, Jessica Chastain, Kristen Wiig",Twentieth Century Fox,144 min,PG-13,"['Adventure', 'Drama', 'Sci-Fi']"
158,Signs,408247917,2002,75%,6.8,M. Night Shyamalan,"Mel Gibson, Joaquin Phoenix, Rory Culkin",Walt Disney Studios Motion Pictures,106 min,PG-13,"['Drama', 'Mystery', 'Sci-Fi', 'Thriller']"
159,Hancock,629443428,2008,41%,6.4,Peter Berg,"Will Smith, Charlize Theron, Jason Bateman",Sony Pictures Entertainment (SPE),92 min,PG-13,"['Action', 'Drama', 'Fantasy']"
160,The Bourne Ultimatum,444100035,2007,92%,8.0,Paul Greengrass,"Matt Damon, Edgar Ramírez, Joan Allen",Universal Pictures,115 min,PG-13,"['Action', 'Mystery', 'Thriller']"
161,Logan,619179950,2017,94%,8.1,James Mangold,"Hugh Jackman, Patrick Stewart, Dafne Keen",Twentieth Century Fox,137 min,R,"['Action', 'Drama', 'Sci-Fi', 'Thriller']"
162,Rush Hour 2,347325802,2001,51%,6.6,Brett Ratner,"Jackie Chan, Chris Tucker, John Lone",New Line Cinema,90 min,PG-13,"['Action', 'Comedy', 'Crime', 'Thriller']"
163,The Fate of the Furious,1236005118,2017,67%,6.6,F. Gary Gray,"Vin Diesel, Jason Statham, Dwayne Johnson",Universal Pictures,136 min,PG-13,"['Action', 'Crime', 'Thriller']"
164,Shang-Chi and the Legend of the Ten Rings,432233010,2021,91%,7.4,Destin Daniel Cretton,"Simu Liu, Awkwafina, Tony Chiu-Wai Leung",Walt Disney Studios Motion Pictures,132 min,PG-13,"['Action', 'Adventure', 'Fantasy', 'Sci-Fi']"
165,WALL·E,521311890,2008,95%,8.4,Andrew Stanton,"Ben Burtt, Elissa Knight, Jeff Garlin",Walt Disney Studios Motion Pictures,98 min,G,"['Adventure', 'Animation', 'Family', 'Sci-Fi']"
166,Big Hero 6,657869686,2014,90%,7.8,"Don Hall, Chris Williams","Ryan Potter, Scott Adsit, Jamie Chung",Walt Disney Studios Motion Pictures,102 min,PG,"['Action', 'Adventure', 'Animation', 'Comedy', 'Family', 'Sci-Fi']"
167,Mission: Impossible - Fallout,791657398,2018,97%,7.7,Christopher McQuarrie,"Tom Cruise, Henry Cavill, Ving Rhames",Paramount Pictures,147 min,PG-13,"['Action', 'Adventure', 'Thriller']"
168,National Treasure: Book of Secrets,459242249,2007,36%,6.5,Jon Turteltaub,"Nicolas Cage, Diane Kruger, Justin Bartha",Walt Disney Studios Motion Pictures,124 min,PG,"['Action', 'Adventure', 'Mystery', 'Thriller']"
169,Alvin and the Chipmunks: The Squeakquel,443140005,2009,21%,4.5,Betty Thomas,"Jason Lee, Zachary Levi, David Cross",Twentieth Century Fox,88 min,PG,"['Adventure', 'Animation', 'Comedy', 'Drama', 'Family', 'Fantasy', 'Music', 'Musical']"
170,Mrs. Doubtfire,441286195,1993,70%,7.1,Chris Columbus,"Robin Williams, Sally Field, Pierce Brosnan",Twentieth Century Fox,125 min,PG-13,"['Comedy', 'Drama', 'Family']"
171,Beauty and the Beast,424967620,1991,94%,8.0,"Gary Trousdale, Kirk Wise","Paige O'Hara, Robby Benson, Jesse Corti",Walt Disney Studios Motion Pictures,84 min,G,"['Animation', 'Family', 'Fantasy', 'Musical', 'Romance']"
172,Ted,549368315,2012,69%,6.9,Seth MacFarlane,"Mark Wahlberg, Mila Kunis, Seth MacFarlane",Universal Pictures,106 min,R,['Comedy']
173,King Kong,556906378,2005,84%,7.2,Peter Jackson,"Naomi Watts, Jack Black, Adrien Brody",Universal Pictures,187 min,PG-13,"['Action', 'Adventure', 'Drama', 'Romance']"
174,Ghost,505703557,1990,75%,7.1,Jerry Zucker,"Patrick Swayze, Demi Moore, Whoopi Goldberg",Paramount Pictures,127 min,PG-13,"['Drama', 'Fantasy', 'Romance', 'Thriller']"
175,How to Train Your Dragon,494879471,2010,99%,8.1,"Dean DeBlois, Chris Sanders","Jay Baruchel, Gerard Butler, Christopher Mintz-Plasse",DreamWorks,98 min,PG,"['Action', 'Adventure', 'Animation', 'Comedy', 'Family', 'Fantasy']"
176,The Da Vinci Code,760006945,2006,25%,6.6,Ron Howard,"Tom Hanks, Audrey Tautou, Jean Reno",Sony Pictures Entertainment (SPE),149 min,PG-13,"['Mystery', 'Thriller']"
177,Aladdin,504050219,1992,95%,8.0,"Ron Clements, John Musker","Scott Weinger, Robin Williams, Linda Larkin",Walt Disney Studios Motion Pictures,90 min,G,"['Adventure', 'Animation', 'Comedy', 'Family', 'Fantasy', 'Musical', 'Romance']"
178,Alvin and the Chipmunks,365352546,2007,28%,5.2,Tim Hill,"Jason Lee, Ross Bagdasarian Jr., Janice Karman",Twentieth Century Fox,92 min,PG,"['Adventure', 'Animation', 'Comedy', 'Drama', 'Family', 'Fantasy', 'Music', 'Musical']"
179,Saving Private Ryan,482349603,1998,94%,8.6,Steven Spielberg,"Tom Hanks, Matt Damon, Tom Sizemore",DreamWorks Distribution,169 min,R,"['Drama', 'War']"
180,Bohemian Rhapsody,910809311,2018,60%,7.9,Bryan Singer,"Rami Malek, Lucy Boynton, Gwilym Lee",Twentieth Century Fox,134 min,PG-13,"['Biography', 'Drama', 'Music']"
181,Ant-Man and the Wasp,622674139,2018,87%,7.0,Peyton Reed,"Paul Rudd, Evangeline Lilly, Michael Peña",Walt Disney Studios Motion Pictures,118 min,PG-13,"['Action', 'Adventure', 'Comedy', 'Sci-Fi']"
182,Madagascar 3: Europe's Most Wanted,746921274,2012,78%,6.8,"Eric Darnell, Tom McGrath, Conrad Vernon","Ben Stiller, Jada Pinkett Smith, Chris Rock",DreamWorks,93 min,PG,"['Adventure', 'Animation', 'Comedy', 'Family']"
183,Kung Fu Panda,631746197,2008,87%,7.6,"Mark Osborne, John Stevenson","Jack Black, Ian McShane, Angelina Jolie",DreamWorks,92 min,PG,"['Action', 'Adventure', 'Animation', 'Comedy', 'Family', 'Fantasy']"
184,Mission: Impossible II,546388108,2000,59/100,6.1,John Woo,"Tom Cruise, Dougray Scott, Thandiwe Newton",Paramount Pictures,123 min,PG-13,"['Action', 'Adventure', 'Thriller']"
185,A Star Is Born,436188866,2018,90%,7.6,Bradley Cooper,"Lady Gaga, Bradley Cooper, Sam Elliott",Warner Bros.,136 min,R,"['Drama', 'Music', 'Romance']"
186,X2: X-Men United,407711549,2003,85%,7.4,Bryan Singer,"Patrick Stewart, Hugh Jackman, Halle Berry",Twentieth Century Fox,134 min,PG-13,"['Action', 'Sci-Fi', 'Thriller']"
187,The Lorax,348840316,2012,46/100,6.4,"Chris Renaud, Kyle Balda","Zac Efron, Taylor Swift, Danny DeVito",Universal Pictures,86 min,PG,"['Adventure', 'Animation', 'Comedy', 'Drama', 'Family', 'Fantasy', 'Musical']"
188,Solo: A Star Wars Story,392924807,2018,69%,6.9,Ron Howard,"Alden Ehrenreich, Woody Harrelson, Emilia Clarke",Walt Disney Studios Motion Pictures,135 min,PG-13,"['Action', 'Adventure', 'Sci-Fi']"
189,Venom,856085151,2018,30%,6.6,Ruben Fleischer,"Tom Hardy, Michelle Williams, Riz Ahmed",Sony Pictures Entertainment (SPE),112 min,PG-13,"['Action', 'Adventure', 'Sci-Fi']"
190,Austin Powers in Goldmember,296938801,2002,53%,6.2,Jay Roach,"Mike Myers, Beyoncé, Seth Green",New Line Cinema,94 min,PG-13,"['Action', 'Adventure', 'Comedy', 'Crime']"
191,Venom: Let There Be Carnage,501138437,2021,57%,5.9,Andy Serkis,"Tom Hardy, Woody Harrelson, Michelle Williams",Sony Pictures Entertainment (SPE),97 min,PG-13,"['Action', 'Adventure', 'Sci-Fi', 'Thriller']"
192,It Chapter Two,473093228,2019,62%,6.5,Andy Muschietti,"Jessica Chastain, James McAvoy, Bill Hader",Warner Bros.,169 min,R,"['Drama', 'Fantasy', 'Horror']"
193,Back to the Future,381906762,1985,97%,8.5,Robert Zemeckis,"Michael J. Fox, Christopher Lloyd, Lea Thompson",Universal Pictures,116 min,PG,"['Adventure', 'Comedy', 'Sci-Fi']"
194,300,456068181,2006,61%,7.6,Zack Snyder,"Gerard Butler, Lena Headey, David Wenham",Warner Bros.,117 min,R,"['Action', 'Drama']"
195,Coco,807817888,2017,97%,8.4,"Lee Unkrich, Adrian Molina","Anthony Gonzalez, Gael García Bernal, Benjamin Bratt",Walt Disney Studios Motion Pictures,105 min,PG,"['Adventure', 'Animation', 'Comedy', 'Family', 'Fantasy', 'Music', 'Mystery']"
196,Fast Five,626137675,2011,78%,7.3,Justin Lin,"Vin Diesel, Paul Walker, Dwayne Johnson",Universal Pictures,130 min,PG-13,"['Action', 'Crime', 'Thriller']"
197,Mission: Impossible - Ghost Protocol,694713380,2011,93%,7.4,Brad Bird,"Tom Cruise, Jeremy Renner, Simon Pegg",Paramount Pictures,132 min,PG-13,"['Action', 'Adventure', 'Thriller']"
198,Wedding Crashers,288467645,2005,75%,7.0,David Dobkin,"Owen Wilson, Vince Vaughn, Rachel McAdams",New Line Cinema,119 min,R,"['Comedy', 'Romance']"
199,Sherlock Holmes,524028679,2009,69%,7.6,Guy Ritchie,"Robert Downey Jr., Jude Law, Rachel McAdams",Warner Bros.,128 min,PG-13,"['Action', 'Adventure', 'Mystery']"
200,Dawn of the Planet of the Apes,710644566,2014,91%,7.6,Matt Reeves,"Gary Oldman, Keri Russell, Andy Serkis",Twentieth Century Fox,130 min,PG-13,"['Action', 'Adventure', 'Drama', 'Sci-Fi', 'Thriller']"
201,Batman Begins,373661946,2005,84%,8.2,Christopher Nolan,"Christian Bale, Michael Caine, Ken Watanabe",Warner Bros.,140 min,PG-13,"['Action', 'Crime', 'Drama']"
202,Charlie and the Chocolate Factory,474968763,2005,83%,6.7,Tim Burton,"Johnny Depp, Freddie Highmore, David Kelly",Warner Bros.,115 min,PG,"['Adventure', 'Comedy', 'Family', 'Fantasy', 'Musical']"
203,Ratatouille,623726085,2007,96%,8.1,"Brad Bird, Jan Pinkava","Brad Garrett, Lou Romano, Patton Oswalt",Walt Disney Studios Motion Pictures,111 min,G,"['Adventure', 'Animation', 'Comedy', 'Family', 'Fantasy']"
204,Thor: The Dark World,644783140,2013,66%,6.8,Alan Taylor,"Chris Hemsworth, Natalie Portman, Tom Hiddleston",Walt Disney Studios Motion Pictures,112 min,PG-13,"['Action', 'Adventure', 'Fantasy']"
205,Bad Boys for Life,426505244,2020,76%,6.5,"Adil El Arbi, Bilall Fallah","Will Smith, Martin Lawrence, Vanessa Hudgens",Sony Pictures Entertainment (SPE),124 min,R,"['Action', 'Comedy', 'Crime', 'Thriller']"
206,Austin Powers: The Spy Who Shagged Me,312016928,1999,53%,6.6,Jay Roach,"Mike Myers, Heather Graham, Michael York",New Line Cinema,95 min,PG-13,"['Action', 'Adventure', 'Comedy', 'Crime']"
207,Terminator 2: Judgment Day,520881154,1991,93%,8.6,James Cameron,"Arnold Schwarzenegger, Linda Hamilton, Edward Furlong",TriStar Pictures,137 min,R,"['Action', 'Sci-Fi']"
208,The Amazing Spider-Man 2,708982323,2014,51%,6.6,Marc Webb,"Andrew Garfield, Emma Stone, Jamie Foxx",Sony Pictures Entertainment (SPE),142 min,PG-13,"['Action', 'Adventure', 'Sci-Fi']"
209,World War Z,540455876,2013,66%,7.0,Marc Forster,"Brad Pitt, Mireille Enos, Daniella Kertesz",Paramount Pictures,116 min,PG-13,"['Action', 'Adventure', 'Horror', 'Sci-Fi']"
210,The Mummy Returns,443280904,2001,47%,6.4,Stephen Sommers,"Brendan Fraser, Rachel Weisz, John Hannah",Universal Pictures,130 min,PG-13,"['Action', 'Adventure', 'Fantasy', 'Thriller']"
211,Armageddon,553709788,1998,38%,6.7,Michael Bay,"Bruce Willis, Billy Bob Thornton, Ben Affleck",Walt Disney Studios Motion Pictures,151 min,PG-13,"['Action', 'Adventure', 'Sci-Fi', 'Thriller']"
212,Cinderella,542358331,2015,83%,6.9,Kenneth Branagh,"Lily James, Cate Blanchett, Richard Madden",Walt Disney Studios Motion Pictures,105 min,PG,"['Adventure', 'Drama', 'Family', 'Fantasy', 'Romance']"
213,Ralph Breaks the Internet,529323962,2018,88%,7.0,"Phil Johnston, Rich Moore","John C. Reilly, Sarah Silverman, Gal Gadot",Walt Disney Studios Motion Pictures,112 min,PG,"['Adventure', 'Animation', 'Comedy', 'Family', 'Fantasy', 'Sci-Fi']"
214,Tangled,592462816,2010,89%,7.7,"Nathan Greno, Byron Howard","Mandy Moore, Zachary Levi, Donna Murphy",Walt Disney Studios Motion Pictures,100 min,PG,"['Adventure', 'Animation', 'Comedy', 'Family', 'Fantasy', 'Musical', 'Romance']"
215,Godzilla,524976069,2014,76%,6.4,Gareth Edwards,"Aaron Taylor-Johnson, Elizabeth Olsen, Bryan Cranston",Warner Bros.,123 min,PG-13,"['Action', 'Adventure', 'Sci-Fi', 'Thriller']"
216,Superman Returns,391081192,2006,74%,6.1,Bryan Singer,"Brandon Routh, Kevin Spacey, Kate Bosworth",Warner Bros.,154 min,PG-13,"['Action', 'Adventure', 'Sci-Fi']"
217,Spectre,880681519,2015,63%,6.8,Sam Mendes,"Daniel Craig, Christoph Waltz, Léa Seydoux",Sony Pictures Entertainment (SPE),148 min,PG-13,"['Action', 'Adventure', 'Thriller']"
218,Pearl Harbor,449220945,2001,24%,6.2,Michael Bay,"Ben Affleck, Kate Beckinsale, Josh Hartnett",Walt Disney Studios Motion Pictures,183 min,PG-13,"['Action', 'Drama', 'History', 'Romance', 'War']"
219,Monsters vs. Aliens,381509870,2009,74%,6.4,"Rob Letterman, Conrad Vernon","Reese Witherspoon, Rainn Wilson, Stephen Colbert",DreamWorks,94 min,PG,"['Action', 'Adventure', 'Animation', 'Comedy', 'Family', 'Fantasy', 'Sci-Fi']"
220,Happy Feet,384336108,2006,76%,6.4,"George Miller, Warren Coleman, Judy Morris","Elijah Wood, Brittany Murphy, Hugh Jackman",Warner Bros.,108 min,PG,"['Adventure', 'Animation', 'Comedy', 'Family', 'Music', 'Musical', 'Romance']"
221,Indiana Jones and the Last Crusade,474171806,1989,88%,8.2,Steven Spielberg,"Harrison Ford, Sean Connery, Alison Doody",Paramount Pictures,127 min,PG-13,"['Action', 'Adventure']"
222,Ice Age: Dawn of the Dinosaurs,886686817,2009,46%,6.9,"Carlos Saldanha, Michael Thurmeier","Ray Romano, John Leguizamo, Denis Leary",Twentieth Century Fox,94 min,PG,"['Adventure', 'Animation', 'Comedy', 'Family']"
223,Ice Age: The Meltdown,667094506,2006,57%,6.8,Carlos Saldanha,"Ray Romano, John Leguizamo, Denis Leary",Twentieth Century Fox,91 min,PG,"['Adventure', 'Animation', 'Comedy', 'Family']"
224,Mission: Impossible - Rogue Nation,682716636,2015,94%,7.4,Christopher McQuarrie,"Tom Cruise, Rebecca Ferguson, Jeremy Renner",Paramount Pictures,131 min,PG-13,"['Action', 'Adventure', 'Thriller']"
225,Twilight,408430415,2008,49%,5.3,Catherine Hardwicke,"Kristen Stewart, Robert Pattinson, Billy Burke",Summit Entertainment,122 min,PG-13,"['Drama', 'Fantasy', 'Romance']"
226,Men in Black II,445135288,2002,38%,6.1,Barry Sonnenfeld,"Tommy Lee Jones, Will Smith, Rip Torn",Sony Pictures Entertainment (SPE),88 min,PG-13,"['Action', 'Adventure', 'Comedy', 'Mystery', 'Sci-Fi']"
227,Madagascar,542063846,2005,55%,6.9,"Eric Darnell, Tom McGrath","Chris Rock, Ben Stiller, David Schwimmer",DreamWorks Distribution,86 min,PG,"['Adventure', 'Animation', 'Comedy', 'Family']"
228,22 Jump Street,331333876,2014,84%,7.0,"Phil Lord, Christopher Miller","Channing Tatum, Jonah Hill, Ice Cube",Sony Pictures Entertainment (SPE),112 min,R,"['Action', 'Comedy', 'Crime']"
229,Cars 2,559852396,2011,39%,6.2,"John Lasseter, Bradford Lewis","Owen Wilson, Larry the Cable Guy, Michael Caine",Walt Disney Studios Motion Pictures,106 min,G,"['Adventure', 'Animation', 'Comedy', 'Family', 'Sport']"
230,Teenage Mutant Ninja Turtles,485004754,2014,21%,5.8,Jonathan Liebesman,"Megan Fox, Will Arnett, William Fichtner",Paramount Pictures,101 min,PG-13,"['Action', 'Adventure', 'Animation', 'Comedy', 'Sci-Fi']"
231,Spider-Man: Into the Spider-Verse,375540831,2018,97%,8.4,"Bob Persichetti, Peter Ramsey, Rodney Rothman","Shameik Moore, Jake Johnson, Hailee Steinfeld",Sony Pictures Entertainment (SPE),117 min,PG,"['Action', 'Adventure', 'Animation', 'Comedy', 'Family', 'Fantasy', 'Sci-Fi']"
232,Grease,396271103,1978,76%,7.2,Randal Kleiser,"John Travolta, Olivia Newton-John, Stockard Channing",Paramount Pictures,110 min,PG,"['Comedy', 'Musical', 'Romance']"
233,Dunkirk,527016307,2017,92%,7.8,Christopher Nolan,"Fionn Whitehead, Barry Keoghan, Mark Rylance",Warner Bros.,106 min,PG-13,"['Action', 'Drama', 'History', 'Thriller', 'War']"
234,Wreck-It Ralph,471222889,2012,87%,7.7,Rich Moore,"John C. Reilly, Jack McBrayer, Jane Lynch",Walt Disney Studios Motion Pictures,101 min,PG,"['Adventure', 'Animation', 'Comedy', 'Family', 'Fantasy', 'Sci-Fi']"
235,A Quiet Place,340952971,2018,96%,7.5,John Krasinski,"Emily Blunt, John Krasinski, Millicent Simmonds",Paramount Pictures,90 min,PG-13,"['Drama', 'Horror', 'Sci-Fi']"
236,Interstellar,701729206,2014,73%,8.6,Christopher Nolan,"Matthew McConaughey, Anne Hathaway, Jessica Chastain",Paramount Pictures,169 min,PG-13,"['Adventure', 'Drama', 'Sci-Fi']"
237,The Polar Express,314215454,2004,56%,6.6,Robert Zemeckis,"Tom Hanks, Chris Coppola, Michael Jeter",Warner Bros.,100 min,G,"['Adventure', 'Animation', 'Comedy', 'Family', 'Fantasy', 'Musical']"
238,Gladiator,465380802,2000,79%,8.5,Ridley Scott,"Russell Crowe, Joaquin Phoenix, Connie Nielsen",DreamWorks Distribution,155 min,R,"['Action', 'Adventure', 'Drama']"
239,The Croods,587235983,2013,71%,7.2,"Kirk DeMicco, Chris Sanders","Nicolas Cage, Ryan Reynolds, Emma Stone",Twentieth Century Fox,98 min,PG,"['Adventure', 'Animation', 'Comedy', 'Family', 'Fantasy']"
240,Sherlock Holmes: A Game of Shadows,543848418,2011,59%,7.4,Guy Ritchie,"Robert Downey Jr., Jude Law, Jared Harris",Warner Bros.,129 min,PG-13,"['Action', 'Adventure', 'Mystery']"
241,The Day After Tomorrow,552639571,2004,45%,6.4,Roland Emmerich,"Dennis Quaid, Jake Gyllenhaal, Emmy Rossum",Twentieth Century Fox,124 min,PG-13,"['Action', 'Adventure', 'Sci-Fi', 'Thriller']"
242,Mr. & Mrs. Smith,487287646,2005,59%,6.5,Doug Liman,"Brad Pitt, Angelina Jolie, Adam Brody",Twentieth Century Fox,120 min,PG-13,"['Action', 'Comedy', 'Crime', 'Thriller']"
243,Snow White and the Seven Dwarfs,184925486,1937,96/100,7.6,"William Cottrell, David Hand, Wilfred Jackson","Adriana Caselotti, Harry Stockwell, Lucille La Verne",Walt Disney Studios Motion Pictures,83 min,Approved,"['Adventure', 'Animation', 'Family', 'Fantasy', 'Musical', 'Romance']"
244,Pitch Perfect 2,287144079,2015,65%,6.4,Elizabeth Banks,"Anna Kendrick, Rebel Wilson, Hailee Steinfeld",Universal Pictures,115 min,PG-13,"['Comedy', 'Music']"
245,Dances with Wolves,424208848,1990,87%,8.0,Kevin Costner,"Kevin Costner, Mary McDonnell, Graham Greene",Orion Pictures,181 min,PG-13,"['Adventure', 'Drama', 'Western']"
246,Batman Forever,336567158,1995,39%,5.4,Joel Schumacher,"Val Kilmer, Tommy Lee Jones, Jim Carrey",Warner Bros.,121 min,PG-13,"['Action', 'Adventure']"
247,The Fugitive,368875760,1993,96%,7.8,Andrew Davis,"Harrison Ford, Tommy Lee Jones, Sela Ward",Warner Bros.,130 min,PG-13,"['Action', 'Crime', 'Drama', 'Mystery', 'Thriller']"
248,Black Widow,379631351,2021,79%,6.7,Cate Shortland,"Scarlett Johansson, Florence Pugh, David Harbour",Walt Disney Studios Motion Pictures,134 min,PG-13,"['Action', 'Adventure', 'Sci-Fi']"
249,The Revenant,532950503,2015,78%,8.0,Alejandro G. Iñárritu,"Leonardo DiCaprio, Tom Hardy, Will Poulter",Twentieth Century Fox,156 min,R,"['Action', 'Adventure', 'Drama', 'History', 'Western']"
250,Ocean's Eleven,450717150,2001,83%,7.7,Steven Soderbergh,"George Clooney, Brad Pitt, Julia Roberts",Warner Bros.,116 min,PG-13,"['Crime', 'Thriller']"
251,The Simpsons Movie,536414293,2007,87%,7.3,David Silverman,"Dan Castellaneta, Julie Kavner, Nancy Cartwright",Twentieth Century Fox,87 min,PG-13,"['Adventure', 'Animation', 'Comedy']"
252,What Women Want,374111707,2000,54%,6.4,Nancy Meyers,"Mel Gibson, Helen Hunt, Marisa Tomei",Paramount Pictures,127 min,PG-13,"['Comedy', 'Fantasy', 'Romance']"
253,The Perfect Storm,328718434,2000,59/100,6.5,Wolfgang Petersen,"George Clooney, Mark Wahlberg, John C. Reilly",Warner Bros.,130 min,PG-13,"['Action', 'Adventure', 'Drama', 'Thriller']"
254,Lincoln,275293450,2012,89%,7.3,Steven Spielberg,"Daniel Day-Lewis, Sally Field, David Strathairn",Walt Disney Studios Motion Pictures,150 min,PG-13,"['Biography', 'Drama', 'History', 'War']"
255,Liar Liar,302710615,1997,83%,6.9,Tom Shadyac,"Jim Carrey, Maura Tierney, Amanda Donohoe",Universal Pictures,86 min,PG-13,"['Comedy', 'Fantasy']"
256,Jurassic Park III,368780809,2001,49%,5.9,Joe Johnston,"Sam Neill, William H. Macy, Téa Leoni",Universal Pictures,92 min,PG-13,"['Action', 'Adventure', 'Sci-Fi', 'Thriller']"
257,Thor,449326618,2011,77%,7.0,Kenneth Branagh,"Chris Hemsworth, Anthony Hopkins, Natalie Portman",Paramount Pictures,115 min,PG-13,"['Action', 'Adventure', 'Fantasy']"
258,Mission: Impossible,457696391,2011,93%,7.4,Brad Bird,"Tom Cruise, Jeremy Renner, Simon Pegg",Paramount Pictures,132 min,PG-13,"['Action', 'Adventure', 'Thriller']"
259,Ant-Man,519311965,2015,83%,7.3,Peyton Reed,"Paul Rudd, Michael Douglas, Corey Stoll",Walt Disney Studios Motion Pictures,117 min,PG-13,"['Action', 'Adventure', 'Comedy', 'Sci-Fi']"
260,Planet of the Apes,362211740,2001,44%,5.7,Tim Burton,"Mark Wahlberg, Helena Bonham Carter, Tim Roth",Twentieth Century Fox,119 min,PG-13,"['Action', 'Adventure', 'Sci-Fi', 'Thriller']"
261,Madagascar: Escape 2 Africa,603900354,2008,64%,6.6,"Eric Darnell, Tom McGrath","Ben Stiller, Chris Rock, David Schwimmer",DreamWorks,89 min,PG,"['Adventure', 'Animation', 'Comedy', 'Family']"
262,X-Men Origins: Wolverine,373062864,2009,38%,6.5,Gavin Hood,"Hugh Jackman, Liev Schreiber, Ryan Reynolds",Twentieth Century Fox,107 min,PG-13,"['Action', 'Sci-Fi']"
263,Indiana Jones and the Temple of Doom,333107271,1984,83%,7.5,Steven Spielberg,"Harrison Ford, Kate Capshaw, Ke Huy Quan",Paramount Pictures,118 min,PG,"['Action', 'Adventure']"
264,Hitch,371594210,2005,69%,6.6,Andy Tennant,"Will Smith, Eva Mendes, Kevin James",Sony Pictures Entertainment (SPE),118 min,PG-13,"['Comedy', 'Romance']"
265,Men in Black 3,624026776,2012,67%,6.8,Barry Sonnenfeld,"Will Smith, Tommy Lee Jones, Josh Brolin",Sony Pictures Entertainment (SPE),106 min,PG-13,"['Action', 'Adventure', 'Comedy', 'Sci-Fi']"
266,Pretty Woman,463406268,1990,66%,7.1,Garry Marshall,"Richard Gere, Julia Roberts, Jason Alexander",Walt Disney Studios Motion Pictures,119 min,R,"['Comedy', 'Romance']"
267,Home,386041607,2015,52%,6.6,Tim Johnson,"Jim Parsons, Rihanna, Steve Martin",Twentieth Century Fox,94 min,PG,"['Adventure', 'Animation', 'Comedy', 'Family', 'Fantasy', 'Sci-Fi']"
268,Night at the Museum: Battle of the Smithsonian,413106170,2009,44%,6.0,Shawn Levy,"Ben Stiller, Owen Wilson, Amy Adams",Twentieth Century Fox,105 min,PG,"['Adventure', 'Comedy', 'Family', 'Fantasy']"
269,Tootsie,177200000,1982,90%,7.4,Sydney Pollack,"Dustin Hoffman, Jessica Lange, Teri Garr",Columbia Pictures,116 min,PG,"['Comedy', 'Drama', 'Romance']"
270,How to Train Your Dragon 2,621537519,2014,92%,7.8,Dean DeBlois,"Jay Baruchel, Cate Blanchett, Gerard Butler",Twentieth Century Fox,102 min,PG,"['Action', 'Adventure', 'Animation', 'Comedy', 'Family', 'Fantasy']"
271,Rise of the Planet of the Apes,481800873,2011,82%,7.6,Rupert Wyatt,"James Franco, Andy Serkis, Freida Pinto",Twentieth Century Fox,105 min,PG-13,"['Action', 'Drama', 'Sci-Fi', 'Thriller']"
272,Captain America: The First Avenger,370569774,2011,80%,6.9,Joe Johnston,"Chris Evans, Hugo Weaving, Samuel L. Jackson",Paramount Pictures,124 min,PG-13,"['Action', 'Adventure', 'Sci-Fi']"
273,Elf,223853736,2003,85%,7.0,Jon Favreau,"Will Ferrell, James Caan, Bob Newhart",New Line Cinema,97 min,PG,"['Adventure', 'Comedy', 'Family', 'Fantasy', 'Romance']"
274,The Karate Kid,359126022,1984,89%,7.3,John G. Avildsen,"Ralph Macchio, Pat Morita, Elisabeth Shue",Sony Pictures Entertainment (SPE),126 min,PG,"['Action', 'Drama', 'Family', 'Sport']"
275,There's Something About Mary,369884651,1998,84%,7.1,"Bobby Farrelly, Peter Farrelly","Cameron Diaz, Matt Dillon, Ben Stiller",Twentieth Century Fox,119 min,R,"['Comedy', 'Romance']"
276,Ice Age,383257136,2002,77%,7.5,"Chris Wedge, Carlos Saldanha","Denis Leary, John Leguizamo, Ray Romano",Twentieth Century Fox,81 min,PG,"['Adventure', 'Animation', 'Comedy', 'Family']"
277,The Bourne Supremacy,290835269,2004,82%,7.7,Paul Greengrass,"Matt Damon, Franka Potente, Joan Allen",Universal Pictures,108 min,PG-13,"['Action', 'Mystery', 'Thriller']"
278,The Lego Batman Movie,311950384,2017,90%,7.3,Chris McKay,"Will Arnett, Michael Cera, Rosario Dawson",Warner Bros.,104 min,PG,"['Action', 'Adventure', 'Animation', 'Comedy', 'Family', 'Fantasy', 'Sci-Fi']"
279,Us,255185482,2019,93%,6.8,Jordan Peele,"Lupita Nyong'o, Winston Duke, Elisabeth Moss",Universal Pictures,116 min,R,"['Horror', 'Mystery', 'Thriller']"
280,The Boss Baby,527965936,2017,53%,6.3,Tom McGrath,"Alec Baldwin, Steve Buscemi, Jimmy Kimmel",Twentieth Century Fox,97 min,PG,"['Adventure', 'Animation', 'Comedy', 'Family', 'Fantasy']"
281,Crazy Rich Asians,238539198,2018,91%,6.9,Jon M. Chu,"Constance Wu, Henry Golding, Michelle Yeoh",Warner Bros.,120 min,PG-13,"['Comedy', 'Drama', 'Romance']"
282,The Greatest Showman,436949634,2017,56%,7.5,Michael Gracey,"Hugh Jackman, Michelle Williams, Zac Efron",Twentieth Century Fox,105 min,PG,"['Biography', 'Drama', 'Musical']"
283,Fast & Furious Presents: Hobbs & Shaw,759056935,2013,70%,7.0,Justin Lin,"Vin Diesel, Paul Walker, Dwayne Johnson",Universal Pictures,130 min,PG-13,"['Action', 'Adventure', 'Thriller']"
284,Apollo 13,355237933,1995,96%,7.7,Ron Howard,"Tom Hanks, Bill Paxton, Kevin Bacon",Universal Pictures,140 min,PG,"['Adventure', 'Drama', 'History']"
285,Home Alone 2: Lost in New York,358994850,1992,35%,6.8,Chris Columbus,"Macaulay Culkin, Joe Pesci, Daniel Stern",Twentieth Century Fox,120 min,PG,"['Adventure', 'Comedy', 'Crime', 'Family']"
286,National Treasure,347512318,2004,46%,6.9,Jon Turteltaub,"Nicolas Cage, Diane Kruger, Justin Bartha",Walt Disney Studios Motion Pictures,131 min,PG,"['Action', 'Adventure', 'Mystery', 'Thriller']"
287,F9: The Fast Saga,726229501,2021,60%,5.2,Justin Lin,"Vin Diesel, Michelle Rodriguez, Jordana Brewster",Universal Pictures,143 min,PG-13,"['Action', 'Crime', 'Thriller']"
288,Air Force One,315156409,1997,78%,6.5,Wolfgang Petersen,"Harrison Ford, Gary Oldman, Glenn Close",Sony Pictures Entertainment (SPE),124 min,R,"['Action', 'Drama', 'Thriller']"
289,Rain Man,354825435,1988,89%,8.0,Barry Levinson,"Dustin Hoffman, Tom Cruise, Valeria Golino",Metro-Goldwyn-Mayer (MGM),133 min,18+,['Drama']
290,Pirates of the Caribbean: Dead Men Tell No Tales,794881442,2017,30%,6.5,"Joachim Rønning, Espen Sandberg","Johnny Depp, Geoffrey Rush, Javier Bardem",Walt Disney Studios Motion Pictures,129 min,PG-13,"['Action', 'Adventure', 'Fantasy']"
291,TRON: Legacy,400063852,2010,51%,6.8,Joseph Kosinski,"Jeff Bridges, Garrett Hedlund, Olivia Wilde",Walt Disney Studios Motion Pictures,125 min,PG,"['Action', 'Adventure', 'Sci-Fi']"
292,Mary Poppins Returns,349546142,2018,80%,6.7,Rob Marshall,"Emily Blunt, Lin-Manuel Miranda, Ben Whishaw",Walt Disney Studios Motion Pictures,130 min,PG,"['Adventure', 'Comedy', 'Family', 'Fantasy', 'Musical']"
293,The Matrix,466625730,1999,88%,8.7,"Lana Wachowski, Lilly Wachowski","Keanu Reeves, Laurence Fishburne, Carrie-Anne Moss",Warner Bros.,136 min,R,"['Action', 'Sci-Fi']"
294,True Grit,252276927,2010,95%,7.6,"Ethan Coen, Joel Coen","Jeff Bridges, Matt Damon, Hailee Steinfeld",Paramount Pictures,110 min,PG-13,"['Drama', 'Western']"
295,Tarzan,448191819,1999,89%,7.3,"Chris Buck, Kevin Lima","Tony Goldwyn, Minnie Driver, Brian Blessed",Walt Disney Studios Motion Pictures,88 min,G,"['Adventure', 'Animation', 'Comedy', 'Drama', 'Family', 'Music']"
296,John Wick: Chapter 3 - Parabellum,327281779,2019,89%,7.4,Chad Stahelski,"Keanu Reeves, Halle Berry, Ian McShane",Lionsgate,130 min,R,"['Action', 'Crime', 'Thriller']"
297,A Beautiful Mind,316791257,2001,74%,8.2,Ron Howard,"Russell Crowe, Ed Harris, Jennifer Connelly",Universal Pictures,135 min,PG-13,"['Biography', 'Drama']"
298,Chicago,306776732,2002,86%,7.2,Rob Marshall,"Renée Zellweger, Catherine Zeta-Jones, Richard Gere",Miramax,113 min,PG-13,"['Comedy', 'Crime', 'Musical']"
299,The Help,216639112,2011,76%,8.1,Tate Taylor,"Viola Davis, Emma Stone, Octavia Spencer",Walt Disney Studios Motion Pictures,146 min,PG-13,['Drama']
300,Hotel Transylvania 2,475186706,2015,55%,6.6,Genndy Tartakovsky,"Adam Sandler, Andy Samberg, Selena Gomez",Sony Pictures Entertainment (SPE),89 min,PG,"['Adventure', 'Animation', 'Comedy', 'Family', 'Fantasy', 'Horror']"
301,Hidden Figures,235956898,2016,93%,7.8,Theodore Melfi,"Taraji P. Henson, Octavia Spencer, Janelle Monáe",Twentieth Century Fox,127 min,PG,"['Biography', 'Drama', 'History']"
302,Bridesmaids,288383523,2011,89%,6.8,Paul Feig,"Kristen Wiig, Maya Rudolph, Rose Byrne",Universal Pictures,125 min,R,"['Comedy', 'Romance']"
303,Quantum of Solace,589580482,2008,64%,6.6,Marc Forster,"Daniel Craig, Olga Kurylenko, Mathieu Amalric",Sony Pictures Entertainment (SPE),106 min,PG-13,"['Action', 'Adventure', 'Thriller']"
304,Wild Hogs,253625427,2007,14%,5.8,Walt Becker,"Tim Allen, Martin Lawrence, John Travolta",Walt Disney Studios Motion Pictures,100 min,PG-13,"['Action', 'Adventure', 'Comedy']"
305,Kong: Skull Island,566652812,2017,75%,6.6,Jordan Vogt-Roberts,"Tom Hiddleston, Samuel L. Jackson, Brie Larson",Warner Bros.,118 min,PG-13,"['Action', 'Adventure', 'Fantasy', 'Sci-Fi']"
306,Three Men and a Baby,167780960,1987,67%,6.1,Leonard Nimoy,"Tom Selleck, Steve Guttenberg, Ted Danson",Walt Disney Studios Motion Pictures,102 min,PG,"['Comedy', 'Drama', 'Family']"
307,Gone Girl,369330363,2014,88%,8.1,David Fincher,"Ben Affleck, Rosamund Pike, Neil Patrick Harris",Twentieth Century Fox,149 min,R,"['Drama', 'Mystery', 'Thriller']"
308,Hotel Transylvania 3: Summer Vacation,528583774,2018,62%,6.3,Genndy Tartakovsky,"Adam Sandler, Andy Samberg, Selena Gomez",Sony Pictures Entertainment (SPE),97 min,PG,"['Adventure', 'Animation', 'Comedy', 'Family', 'Fantasy', 'Horror']"
309,Casino Royale,616502912,2006,94%,8.0,Martin Campbell,"Daniel Craig, Eva Green, Judi Dench",Sony Pictures Entertainment (SPE),144 min,PG-13,"['Action', 'Adventure', 'Thriller']"
310,Meet the Parents,330444045,2000,84%,7.0,Jay Roach,"Ben Stiller, Robert De Niro, Teri Polo",Universal Pictures,108 min,PG-13,"['Comedy', 'Romance']"
311,Fifty Shades of Grey,569651467,2015,24%,4.2,Sam Taylor-Johnson,"Dakota Johnson, Jamie Dornan, Jennifer Ehle",Universal Pictures,125 min,R,"['Drama', 'Romance', 'Thriller']"
312,2012,791217826,2009,39%,5.8,Roland Emmerich,"John Cusack, Thandiwe Newton, Chiwetel Ejiofor",Sony Pictures Entertainment (SPE),158 min,PG-13,"['Action', 'Adventure', 'Sci-Fi']"
313,Robin Hood: Prince of Thieves,390493908,1991,50%,6.9,Kevin Reynolds,"Kevin Costner, Morgan Freeman, Mary Elizabeth Mastrantonio",Warner Bros.,143 min,PG-13,"['Action', 'Adventure', 'Drama', 'Romance']"
314,Knives Out,311605581,2019,97%,7.9,Rian Johnson,"Daniel Craig, Chris Evans, Ana de Armas",Lionsgate,130 min,PG-13,"['Comedy', 'Crime', 'Drama', 'Mystery', 'Thriller']"
315,Kung Fu Panda 2,665692281,2011,81%,7.2,Jennifer Yuh Nelson,"Jack Black, Angelina Jolie, Jackie Chan",DreamWorks,90 min,PG,"['Action', 'Adventure', 'Animation', 'Comedy', 'Family', 'Fantasy']"
316,Hannibal,351692268,2001,39%,6.8,Ridley Scott,"Anthony Hopkins, Julianne Moore, Gary Oldman",Metro-Goldwyn-Mayer (MGM),131 min,R,"['Crime', 'Drama', 'Thriller']"
317,Eternals,401847482,2021,47%,6.3,Chloé Zhao,"Gemma Chan, Richard Madden, Angelina Jolie",Walt Disney Studios Motion Pictures,156 min,PG-13,"['Action', 'Adventure', 'Fantasy', 'Sci-Fi']"
318,Catch Me If You Can,352114312,2002,96%,8.1,Steven Spielberg,"Leonardo DiCaprio, Tom Hanks, Christopher Walken",DreamWorks Distribution,141 min,PG-13,"['Biography', 'Crime', 'Drama']"
319,The Proposal,317375031,2009,45%,6.7,Anne Fletcher,"Sandra Bullock, Ryan Reynolds, Mary Steenburgen",Walt Disney Studios Motion Pictures,108 min,PG-13,"['Comedy', 'Drama', 'Romance']"
320,The Pursuit of Happyness,307127625,2006,67%,8.0,Gabriele Muccino,"Will Smith, Thandiwe Newton, Jaden Smith",Sony Pictures Entertainment (SPE),117 min,PG-13,"['Biography', 'Drama']"
321,Big Daddy,234801895,1999,39%,6.4,Dennis Dugan,"Adam Sandler, Joey Lauren Adams, Jon Stewart",Sony Pictures Entertainment (SPE),93 min,PG-13,"['Comedy', 'Drama']"
322,Clash of the Titans,493214993,2010,27%,5.8,Louis Leterrier,"Sam Worthington, Liam Neeson, Ralph Fiennes",Warner Bros.,106 min,PG-13,"['Action', 'Adventure', 'Fantasy']"
323,The SpongeBob Movie: Sponge Out of Water,325186032,2015,81%,6.0,"Paul Tibbitt, Mike Mitchell","Tom Kenny, Antonio Banderas, Bill Fagerbakke",Paramount Pictures,92 min,PG,"['Adventure', 'Animation', 'Comedy', 'Family', 'Fantasy']"
324,Batman Returns,266892996,1992,81%,7.1,Tim Burton,"Michael Keaton, Danny DeVito, Michelle Pfeiffer",Warner Bros.,126 min,PG-13,"['Action', 'Crime', 'Fantasy']"
325,Django Unchained,426074373,2012,87%,8.4,Quentin Tarantino,"Jamie Foxx, Christoph Waltz, Leonardo DiCaprio",The Weinstein Company,165 min,R,"['Drama', 'Western']"
326,A Bug's Life,363258859,1998,92%,7.2,"John Lasseter, Andrew Stanton","Kevin Spacey, David Foley, Julia Louis-Dreyfus",Walt Disney Studios Motion Pictures,95 min,G,"['Adventure', 'Animation', 'Comedy', 'Family', 'Fantasy']"
327,Jason Bourne,415484914,2016,54%,6.6,Paul Greengrass,"Matt Damon, Tommy Lee Jones, Alicia Vikander",Universal Pictures,123 min,PG-13,"['Action', 'Thriller']"
328,Grown Ups,271457301,2010,11%,5.9,Dennis Dugan,"Adam Sandler, Salma Hayek, Kevin James",Sony Pictures Entertainment (SPE),102 min,PG-13,['Comedy']
329,The Waterboy,185991646,1998,33%,6.1,Frank Coraci,"Adam Sandler, Kathy Bates, Henry Winkler",Walt Disney Studios Motion Pictures,90 min,PG-13,"['Comedy', 'Sport']"
330,Ice Age: Continental Drift,877244782,2012,37%,6.5,"Steve Martino, Michael Thurmeier","Ray Romano, Denis Leary, John Leguizamo",Twentieth Century Fox,88 min,PG,"['Adventure', 'Animation', 'Comedy', 'Family']"
331,Straight Outta Compton,201634991,2015,89%,7.8,F. Gary Gray,"O'Shea Jackson Jr., Corey Hawkins, Jason Mitchell",Universal Pictures,147 min,R,"['Biography', 'Drama', 'History', 'Music']"
332,Die Another Day,431971116,2002,55%,6.1,Lee Tamahori,"Pierce Brosnan, Halle Berry, Rosamund Pike",Metro-Goldwyn-Mayer (MGM),133 min,PG-13,"['Action', 'Adventure', 'Thriller']"
333,Shark Tale,374583879,2004,35%,6.0,"Bibo Bergeron, Vicky Jenson, Rob Letterman","Will Smith, Robert De Niro, Renée Zellweger",DreamWorks Distribution,90 min,PG,"['Adventure', 'Animation', 'Comedy', 'Family', 'Thriller']"
334,How to Train Your Dragon: The Hidden World,524389083,2019,90%,7.4,Dean DeBlois,"Jay Baruchel, America Ferrera, F. Murray Abraham",Universal Pictures,104 min,PG,"['Action', 'Adventure', 'Animation', 'Comedy', 'Family', 'Fantasy']"
335,No Time to Die,774034007,2021,83%,7.3,Cary Joji Fukunaga,"Daniel Craig, Ana de Armas, Rami Malek",Metro-Goldwyn-Mayer (MGM),163 min,PG-13,"['Action', 'Adventure', 'Thriller']"
336,A Quiet Place Part II,297372261,2020,91%,7.2,John Krasinski,"Emily Blunt, Millicent Simmonds, Cillian Murphy",Paramount Pictures,97 min,PG-13,"['Drama', 'Horror', 'Sci-Fi', 'Thriller']"
337,The Heat,229930771,2013,66%,6.6,Paul Feig,"Sandra Bullock, Michael McDonald, Melissa McCarthy",Twentieth Century Fox,117 min,R,"['Action', 'Comedy', 'Crime']"
338,Fantastic Beasts: The Crimes of Grindelwald,654855901,2018,36%,6.5,David Yates,"Eddie Redmayne, Katherine Waterston, Dan Fogler",Warner Bros.,134 min,PG-13,"['Adventure', 'Family', 'Fantasy']"
339,Halloween,255614941,1978,96%,7.7,John Carpenter,"Donald Pleasence, Jamie Lee Curtis, Tony Moran",Universal Pictures,91 min,R,"['Crime', 'Horror', 'Thriller']"
340,1917,384919389,2019,89%,8.2,Sam Mendes,"Dean-Charles Chapman, George MacKay, Daniel Mays",Universal Pictures,119 min,R,"['Action', 'Drama', 'War']"
341,The Secret Life of Pets 2,430051293,2019,60%,6.4,"Chris Renaud, Jonathan del Val","Patton Oswalt, Kevin Hart, Harrison Ford",Universal Pictures,86 min,PG,"['Adventure', 'Animation', 'Comedy', 'Family']"
342,Star Trek Beyond,343471816,2016,86%,7.0,Justin Lin,"Chris Pine, Zachary Quinto, Karl Urban",Paramount Pictures,122 min,PG-13,"['Action', 'Adventure', 'Sci-Fi', 'Thriller']"
343,The Firm,270248367,1993,76%,6.8,Sydney Pollack,"Tom Cruise, Jeanne Tripplehorn, Gene Hackman",Paramount Pictures,154 min,R,"['Drama', 'Mystery', 'Thriller']"
344,The Longest Yard,191466556,2005,31%,6.4,Peter Segal,"Adam Sandler, Burt Reynolds, Chris Rock",Paramount Pictures,113 min,PG-13,"['Comedy', 'Crime', 'Sport']"
345,X-Men,296339528,2000,82%,7.3,Bryan Singer,"Patrick Stewart, Hugh Jackman, Ian McKellen",Twentieth Century Fox,104 min,PG-13,"['Action', 'Adventure', 'Sci-Fi']"
346,Scary Movie,278019771,2000,51%,6.2,Keenen Ivory Wayans,"Anna Faris, Jon Abrahams, Marlon Wayans",Miramax,88 min,R,['Comedy']
347,Who Framed Roger Rabbit,329803958,1988,97%,7.7,Robert Zemeckis,"Bob Hoskins, Christopher Lloyd, Joanna Cassidy",Walt Disney Studios Motion Pictures,104 min,PG,"['Adventure', 'Animation', 'Comedy', 'Crime', 'Family', 'Fantasy', 'Mystery']"
348,What Lies Beneath,291420351,2000,47%,6.6,Robert Zemeckis,"Harrison Ford, Michelle Pfeiffer, Katharine Towne",DreamWorks Distribution,130 min,PG-13,"['Drama', 'Horror', 'Mystery', 'Thriller']"
349,X-Men: Apocalypse,543934105,2016,47%,6.9,Bryan Singer,"James McAvoy, Michael Fassbender, Jennifer Lawrence",Twentieth Century Fox,144 min,PG-13,"['Action', 'Adventure', 'Sci-Fi']"
350,The Mummy,415933406,1999,61%,7.1,Stephen Sommers,"Brendan Fraser, Rachel Weisz, John Hannah",Universal Pictures,124 min,PG-13,"['Action', 'Adventure', 'Fantasy']"
351,Snow White and the Huntsman,396592829,2012,49%,6.1,Rupert Sanders,"Kristen Stewart, Chris Hemsworth, Charlize Theron",Universal Pictures,127 min,PG-13,"['Action', 'Adventure', 'Drama', 'Fantasy']"
352,San Andreas,474009154,2015,48%,6.1,Brad Peyton,"Dwayne Johnson, Carla Gugino, Alexandra Daddario",Warner Bros.,114 min,PG-13,"['Action', 'Adventure', 'Thriller']"
353,Fast & Furious,360366870,2013,70%,7.0,Justin Lin,"Vin Diesel, Paul Walker, Dwayne Johnson",Universal Pictures,130 min,PG-13,"['Action', 'Crime', 'Thriller']"
354,Over the Hedge,339795890,2006,75%,6.7,"Tim Johnson, Karey Kirkpatrick","Bruce Willis, Garry Shandling, Steve Carell",DreamWorks,83 min,PG,"['Adventure', 'Animation', 'Comedy', 'Family']"
355,Fantastic Four,333535934,2005,28%,5.7,Tim Story,"Ioan Gruffudd, Michael Chiklis, Chris Evans",Twentieth Century Fox,106 min,PG-13,"['Action', 'Adventure', 'Fantasy', 'Sci-Fi']"
356,Horton Hears a Who!,298572799,2008,80%,6.8,"Jimmy Hayward, Steve Martino","Jim Carrey, Steve Carell, Carol Burnett",Twentieth Century Fox,86 min,G,"['Adventure', 'Animation', 'Comedy', 'Drama', 'Family', 'Fantasy', 'Music']"
357,Mad Max: Fury Road,375658750,2015,97%,8.1,George Miller,"Tom Hardy, Charlize Theron, Nicholas Hoult",Warner Bros.,120 min,R,"['Action', 'Adventure', 'Sci-Fi', 'Thriller']"
358,Jerry Maguire,273552592,1996,84%,7.3,Cameron Crowe,"Tom Cruise, Cuba Gooding Jr., Renée Zellweger",Sony Pictures Entertainment (SPE),139 min,R,"['Comedy', 'Drama', 'Romance', 'Sport']"
359,Trolls,346864886,2016,75%,6.4,"Mike Mitchell, Walt Dohrn","Anna Kendrick, Justin Timberlake, Zooey Deschanel",Twentieth Century Fox,92 min,PG,"['Adventure', 'Animation', 'Comedy', 'Family', 'Fantasy', 'Musical', 'Romance']"
360,Scooby-Doo,275650703,2002,32%,5.2,Raja Gosnell,"Matthew Lillard, Freddie Prinze Jr., Sarah Michelle Gellar",Warner Bros.,86 min,PG,"['Adventure', 'Comedy', 'Family', 'Fantasy', 'Mystery']"
361,Cars 3,383930656,2017,69%,6.7,Brian Fee,"Owen Wilson, Cristela Alonzo, Chris Cooper",Walt Disney Studios Motion Pictures,102 min,G,"['Adventure', 'Animation', 'Comedy', 'Family', 'Sport']"
362,Runaway Bride,418765519,1999,46%,5.6,Garry Marshall,"Julia Roberts, Richard Gere, Joan Cusack",Warner Bros.,116 min,PG,"['Comedy', 'Drama', 'Romance']"
363,La La Land,309460292,2016,91%,8.0,Damien Chazelle,"Ryan Gosling, Emma Stone, Rosemarie DeWitt",Paramount Pictures,128 min,PG-13,"['Comedy', 'Romance']"
364,Divergent,448906865,2014,41%,6.6,Neil Burger,"Shailene Woodley, Theo James, Kate Winslet",Lionsgate,139 min,PG-13,"['Comedy', 'Drama', 'Music', 'Musical', 'Romance']"
365,We're the Millers,288885818,2013,49%,7.0,Rawson Marshall Thurber,"Jason Sudeikis, Jennifer Aniston, Emma Roberts",Lionsgate,110 min,R,"['Action', 'Adventure', 'Mystery', 'Sci-Fi']"
366,Terminator 3: Rise of the Machines,269994119,2003,69%,6.3,Jonathan Mostow,"Arnold Schwarzenegger, Nick Stahl, Kristanna Loken",Warner Bros.,109 min,R,"['Comedy', 'Crime']"
367,Daddy's Home,433371112,2015,30%,6.1,Sean Anders,"Will Ferrell, Mark Wahlberg, Linda Cardellini",Warner Bros.,96 min,PG-13,"['Action', 'Sci-Fi']"
368,G.I. Joe: The Rise of Cobra,242786137,2009,33%,5.7,Stephen Sommers,"Dennis Quaid, Channing Tatum, Marlon Wayans",Paramount Pictures,118 min,PG-13,"['Comedy', 'Family']"
369,Neighbors,302469017,2014,73%,6.3,Nicholas Stoller,"Seth Rogen, Rose Byrne, Zac Efron",Paramount Pictures,97 min,R,"['Action', 'Adventure', 'Sci-Fi', 'Thriller']"
370,American Hustle,270665134,2013,92%,7.2,David O. Russell,"Christian Bale, Amy Adams, Bradley Cooper",Universal Pictures,138 min,R,['Comedy']
371,Puss in Boots,251171807,2011,86%,6.6,Chris Miller,"Antonio Banderas, Salma Hayek, Zach Galifianakis",Sony Pictures Entertainment (SPE),90 min,PG,"['Crime', 'Drama']"
372,Sonic the Hedgehog,554987477,2020,63%,6.5,Jeff Fowler,"Ben Schwartz, James Marsden, Jim Carrey",DreamWorks,99 min,PG,"['Adventure', 'Animation', 'Comedy', 'Family', 'Fantasy']"
373,Les Misérables,319715683,2012,69%,7.5,Tom Hooper,"Hugh Jackman, Russell Crowe, Anne Hathaway",Paramount Pictures,158 min,PG-13,"['Action', 'Adventure', 'Comedy', 'Sci-Fi']"
374,Knocked Up,442299309,2007,89%,6.9,Judd Apatow,"Seth Rogen, Katherine Heigl, Paul Rudd",Universal Pictures,129 min,R,"['Drama', 'Musical', 'Romance']"
375,As Good as It Gets,219922417,1997,86%,7.7,James L. Brooks,"Jack Nicholson, Helen Hunt, Greg Kinnear",Universal Pictures,139 min,PG-13,"['Comedy', 'Romance']"
376,Little Fockers,314178011,2010,9%,5.5,Paul Weitz,"Ben Stiller, Teri Polo, Robert De Niro",Sony Pictures Entertainment (SPE),98 min,PG-13,"['Comedy', 'Drama', 'Romance']"
377,Megamind,310650585,2010,72%,7.3,Tom McGrath,"Will Ferrell, Jonah Hill, Brad Pitt",Universal Pictures,95 min,PG,"['Comedy', 'Romance']"
378,Hotel Transylvania,321885765,2012,44%,7.0,Genndy Tartakovsky,"Adam Sandler, Kevin James, Andy Samberg",DreamWorks,91 min,PG,"['Action', 'Animation', 'Comedy', 'Crime', 'Family', 'Mystery', 'Sci-Fi', 'Thriller']"
379,Talladega Nights: The Ballad of Ricky Bobby,358375603,2006,71%,6.6,Adam McKay,"Will Ferrell, John C. Reilly, Sacha Baron Cohen",Sony Pictures Entertainment (SPE),108 min,PG-13,"['Animation', 'Comedy', 'Family', 'Fantasy', 'Horror']"
380,Gran Torino,163362095,2008,81%,8.1,Clint Eastwood,"Clint Eastwood, Bee Vang, Christopher Carley",Sony Pictures Entertainment (SPE),116 min,R,"['Comedy', 'Sport']"
381,Lethal Weapon 2,269958228,1989,82%,7.2,Richard Donner,"Mel Gibson, Danny Glover, Joe Pesci",Warner Bros.,114 min,R,['Drama']
382,War for the Planet of the Apes,227853986,2017,94%,7.4,Matt Reeves,"Andy Serkis, Woody Harrelson, Steve Zahn",Warner Bros.,140 min,PG-13,"['Action', 'Crime', 'Thriller']"
383,X-Men: First Class,490719763,2011,86%,7.7,Matthew Vaughn,"James McAvoy, Michael Fassbender, Jennifer Lawrence",Twentieth Century Fox,131 min,PG-13,"['Action', 'Adventure', 'Drama', 'Sci-Fi', 'Thriller']"
384,Paul Blart: Mall Cop,352616690,2009,34%,5.2,Steve Carr,"Kevin James, Keir O'Donnell, Jayma Mays",Twentieth Century Fox,91 min,PG,"['Action', 'Adventure', 'Sci-Fi']"
385,True Lies,183348429,1994,70%,7.3,James Cameron,"Arnold Schwarzenegger, Jamie Lee Curtis, Tom Arnold",Sony Pictures Entertainment (SPE),141 min,R,"['Action', 'Comedy', 'Crime', 'Family']"
386,Lilo & Stitch,378882411,2002,87%,7.3,"Dean DeBlois, Chris Sanders","Daveigh Chase, Chris Sanders, Tia Carrere",Twentieth Century Fox,85 min,PG,"['Action', 'Comedy', 'Thriller']"
387,The Santa Clause,273144151,1994,73%,6.5,John Pasquin,"Tim Allen, Judge Reinhold, Wendy Crewson",Walt Disney Studios Motion Pictures,97 min,PG,"['Adventure', 'Animation', 'Comedy', 'Drama', 'Family', 'Fantasy', 'Sci-Fi']"
388,The Meg,190539357,2018,46%,5.6,Jon Turteltaub,"Jason Statham, Bingbing Li, Rainn Wilson",Walt Disney Studios Motion Pictures,113 min,PG-13,"['Comedy', 'Drama', 'Family', 'Fantasy']"
389,American Pie 2,530438278,2001,52%,6.4,J.B. Rogers,"Jason Biggs, Seann William Scott, Shannon Elizabeth",Warner Bros.,108 min,R,"['Action', 'Horror', 'Sci-Fi', 'Thriller']"
390,Taken,287553595,2008,59%,7.8,Pierre Morel,"Liam Neeson, Maggie Grace, Famke Janssen",Universal Pictures,90 min,PG-13,['Comedy']
391,The Great Gatsby,226837760,2013,48%,7.2,Baz Luhrmann,"Leonardo DiCaprio, Carey Mulligan, Joel Edgerton",Twentieth Century Fox,143 min,PG-13,"['Action', 'Crime', 'Thriller']"
392,"I, Robot",353642274,2004,59/100,7.1,Alex Proyas,"Will Smith, Bridget Moynahan, Bruce Greenwood",Warner Bros.,115 min,PG-13,"['Drama', 'Romance']"
393,Lethal Weapon 3,353133898,1992,58%,6.7,Richard Donner,"Mel Gibson, Danny Glover, Joe Pesci",Twentieth Century Fox,118 min,R,"['Action', 'Mystery', 'Sci-Fi', 'Thriller']"
394,The Fast and the Furious,321731527,2001,53%,6.8,Rob Cohen,"Vin Diesel, Paul Walker, Michelle Rodriguez",Warner Bros.,106 min,PG-13,"['Action', 'Crime', 'Thriller']"
395,Mamma Mia!,207305509,2008,55%,6.5,Phyllida Lloyd,"Meryl Streep, Pierce Brosnan, Amanda Seyfried",Universal Pictures,108 min,PG-13,"['Action', 'Crime', 'Thriller']"
396,Doctor Dolittle,611257819,1998,41%,5.4,Betty Thomas,"Eddie Murphy, Peter Boyle, Ossie Davis",Universal Pictures,85 min,PG-13,"['Comedy', 'Musical', 'Romance']"
397,Pokémon Detective Pikachu,294456605,2019,68%,6.5,Rob Letterman,"Ryan Reynolds, Justice Smith, Kathryn Newton",Twentieth Century Fox,104 min,PG,"['Comedy', 'Family', 'Fantasy']"
398,Rio,433514834,2011,72%,6.9,Carlos Saldanha,"Jesse Eisenberg, Anne Hathaway, George Lopez",Warner Bros.,96 min,PG,"['Action', 'Adventure', 'Comedy', 'Family', 'Mystery', 'Sci-Fi']"
399,Kung Fu Panda 3,483866518,2016,86%,7.1,"Alessandro Carloni, Jennifer Yuh Nelson","Jack Black, Bryan Cranston, Dustin Hoffman",Twentieth Century Fox,95 min,PG,"['Adventure', 'Animation', 'Comedy', 'Family', 'Music', 'Musical']"
400,Juno,521170825,2007,94%,7.5,Jason Reitman,"Elliot Page, Michael Cera, Jennifer Garner",Twentieth Century Fox,96 min,PG-13,"['Action', 'Adventure', 'Animation', 'Comedy', 'Family', 'Fantasy']"
401,Marley & Me,232372681,2012,95%,7.9,Kevin Macdonald,"Bob Marley, Ziggy Marley, Rita Marley",Fox Searchlight Pictures,144 min,PG-13,"['Comedy', 'Drama']"
402,The Smurfs,255743093,2011,21%,5.4,Raja Gosnell,"Hank Azaria, Katy Perry, Jonathan Winters",Twentieth Century Fox,103 min,PG,"['Comedy', 'Drama', 'Family']"
403,Once Upon a Time... In Hollywood,563749323,2019,85%,7.6,Quentin Tarantino,"Leonardo DiCaprio, Brad Pitt, Margot Robbie",Sony Pictures Entertainment (SPE),161 min,R,"['Adventure', 'Animation', 'Comedy', 'Family', 'Fantasy']"
404,xXx,374565754,2002,48%,5.8,Rob Cohen,"Vin Diesel, Asia Argento, Marton Csokas",Sony Pictures Entertainment (SPE),124 min,PG-13,"['Comedy', 'Drama']"
405,The Chronicles of Narnia: Prince Caspian,277448382,2008,66%,6.5,Andrew Adamson,"Ben Barnes, Skandar Keynes, Georgie Henley",Revolution Studios,150 min,PG,"['Action', 'Adventure', 'Thriller']"
406,Pocahontas,419665568,1995,54%,6.7,"Mike Gabriel, Eric Goldberg","Mel Gibson, Linda Hunt, Christian Bale",Walt Disney Studios Motion Pictures,81 min,G,"['Action', 'Adventure', 'Family', 'Fantasy']"
407,A Few Good Men,346079773,1992,84%,7.7,Rob Reiner,"Tom Cruise, Jack Nicholson, Demi Moore",Walt Disney Studios Motion Pictures,138 min,R,"['Adventure', 'Animation', 'Drama', 'Family', 'Musical', 'Romance']"
408,Slumdog Millionaire,243240178,2008,91%,8.0,"Danny Boyle, Loveleen Tandan","Dev Patel, Freida Pinto, Saurabh Shukla",Columbia Pictures,120 min,R,"['Drama', 'Thriller']"
409,Rush Hour,378410542,1998,61%,7.0,Brett Ratner,"Jackie Chan, Chris Tucker, Ken Leung",Fox Searchlight Pictures,98 min,PG-13,"['Drama', 'Romance']"
410,The Blair Witch Project,244721064,1999,86%,6.5,"Daniel Myrick, Eduardo Sánchez","Heather Donahue, Michael C. Williams, Joshua Leonard",New Line Cinema,81 min,R,"['Action', 'Comedy', 'Crime', 'Thriller']"
411,Deep Impact,248639099,1998,46%,6.2,Mimi Leder,"Robert Duvall, Téa Leoni, Elijah Wood",Artisan Entertainment,120 min,PG-13,"['Horror', 'Mystery']"
412,Shazam!,349464664,2019,90%,7.0,David F. Sandberg,"Zachary Levi, Mark Strong, Asher Angel",Paramount Pictures,132 min,PG-13,"['Action', 'Drama', 'Sci-Fi', 'Thriller']"
413,Ocean's Eight,365971656,2018,68%,6.3,Gary Ross,"Sandra Bullock, Cate Blanchett, Anne Hathaway",Warner Bros.,110 min,PG-13,"['Action', 'Adventure', 'Comedy', 'Fantasy']"
414,Rush Hour 3,297718711,2007,17%,6.2,Brett Ratner,"Jackie Chan, Chris Tucker, Max von Sydow",Warner Bros.,91 min,PG-13,"['Action', 'Comedy', 'Crime', 'Thriller']"
415,Stuart Little,258097122,1999,67%,6.0,Rob Minkoff,"Michael J. Fox, Geena Davis, Hugh Laurie",New Line Cinema,84 min,PG,"['Action', 'Comedy', 'Crime', 'Thriller']"
416,Taken 2,300135367,2012,22%,6.2,Olivier Megaton,"Liam Neeson, Famke Janssen, Maggie Grace",Sony Pictures Entertainment (SPE),92 min,PG-13,"['Adventure', 'Comedy', 'Family', 'Fantasy']"
417,Sister Act,376152455,1992,74%,6.5,Emile Ardolino,"Whoopi Goldberg, Maggie Smith, Kathy Najimy",Twentieth Century Fox,100 min,PG,"['Action', 'Crime', 'Thriller']"
418,The Matrix Revolutions,231605150,2003,34%,6.7,"Lana Wachowski, Lilly Wachowski","Keanu Reeves, Laurence Fishburne, Carrie-Anne Moss",Walt Disney Studios Motion Pictures,129 min,R,"['Comedy', 'Family', 'Music']"
419,The Santa Clause 2,427344325,2002,56%,5.7,Michael Lembeck,"Tim Allen, Spencer Breslin, Elizabeth Mitchell",Warner Bros.,104 min,G,"['Action', 'Sci-Fi']"
420,The King's Speech,172855065,2010,94%,8.0,Tom Hooper,"Colin Firth, Geoffrey Rush, Helena Bonham Carter",Walt Disney Studios Motion Pictures,118 min,R,"['Comedy', 'Family', 'Fantasy']"
421,Cheaper by the Dozen,427374317,2003,24%,5.9,Shawn Levy,"Steve Martin, Bonnie Hunt, Hilary Duff",The Weinstein Company,98 min,PG,"['Biography', 'Drama', 'History']"
422,Bad Boys II,190538630,2003,23%,6.6,Michael Bay,"Will Smith, Martin Lawrence, Gabrielle Union",Twentieth Century Fox,147 min,R,"['Comedy', 'Family']"
423,Platoon,273339556,1986,89%,8.1,Oliver Stone,"Charlie Sheen, Tom Berenger, Willem Dafoe",Sony Pictures Entertainment (SPE),120 min,R,"['Action', 'Comedy', 'Crime', 'Thriller']"
424,21 Jump Street,138545632,2012,85%,7.2,"Phil Lord, Christopher Miller","Jonah Hill, Channing Tatum, Ice Cube",Orion Pictures,109 min,R,"['Drama', 'War']"
425,Good Will Hunting,201585328,1997,97%,8.3,Gus Van Sant,"Robin Williams, Matt Damon, Ben Affleck",Sony Pictures Entertainment (SPE),126 min,R,"['Action', 'Comedy', 'Crime']"
426,Split,225933435,2016,78%,7.3,M. Night Shyamalan,"James McAvoy, Anya Taylor-Joy, Haley Lu Richardson",Miramax,117 min,PG-13,"['Drama', 'Romance']"
427,A Christmas Carol,278454417,2009,53%,6.8,Robert Zemeckis,"Jim Carrey, Gary Oldman, Colin Firth",Universal Pictures,96 min,PG,"['Horror', 'Thriller']"
428,Dinosaur,325286646,2000,65%,6.4,"Eric Leighton, Ralph Zondag","D.B. Sweeney, Julianna Margulies, Samuel E. Wright",Walt Disney Studios Motion Pictures,82 min,PG,"['Adventure', 'Animation', 'Comedy', 'Drama', 'Family', 'Fantasy']"
429,Ready Player One,349822765,2018,72%,7.4,Steven Spielberg,"Tye Sheridan, Olivia Cooke, Ben Mendelsohn",Walt Disney Studios Motion Pictures,140 min,PG-13,"['Adventure', 'Animation', 'Drama', 'Family', 'Fantasy']"
430,The Conjuring,582893671,2013,86%,7.5,James Wan,"Patrick Wilson, Vera Farmiga, Ron Livingston",Warner Bros.,112 min,R,"['Action', 'Adventure', 'Sci-Fi']"
431,Click,320290989,2006,34%,6.4,Frank Coraci,"Adam Sandler, Kate Beckinsale, Christopher Walken",Warner Bros.,107 min,PG-13,"['Horror', 'Mystery', 'Thriller']"
432,The Green Mile,240685326,1999,79%,8.6,Frank Darabont,"Tom Hanks, Michael Clarke Duncan, David Morse",Revolution Studios,189 min,R,"['Comedy', 'Drama', 'Fantasy', 'Romance']"
433,Ransom,286801374,1996,74%,6.7,Ron Howard,"Mel Gibson, Gary Sinise, Rene Russo",Warner Bros.,121 min,R,"['Crime', 'Drama', 'Fantasy', 'Mystery']"
434,Godzilla,309492681,2014,76%,6.4,Gareth Edwards,"Aaron Taylor-Johnson, Elizabeth Olsen, Bryan Cranston",Walt Disney Studios Motion Pictures,123 min,PG-13,"['Action', 'Crime', 'Thriller']"
435,Argo,379014294,2012,96%,7.7,Ben Affleck,"Ben Affleck, Bryan Cranston, John Goodman",Sony Pictures Entertainment (SPE),120 min,R,"['Action', 'Sci-Fi', 'Thriller']"
436,Anger Management,232325503,2003,42%,6.2,Peter Segal,"Jack Nicholson, Adam Sandler, Marisa Tomei",Warner Bros.,106 min,PG-13,"['Biography', 'Drama', 'Thriller']"
437,Chicken Little,195745823,2005,36%,5.7,Mark Dindal,"Zach Braff, Joan Cusack, Garry Marshall",Revolution Studios,81 min,G,['Comedy']
438,Teenage Mutant Ninja Turtles,314432837,2014,21%,5.8,Jonathan Liebesman,"Megan Fox, Will Arnett, William Fichtner",Walt Disney Studios Motion Pictures,101 min,PG-13,"['Adventure', 'Animation', 'Comedy', 'Family', 'Fantasy', 'Sci-Fi']"
439,Patch Adams,201965915,1998,21%,6.8,Tom Shadyac,"Robin Williams, Daniel London, Monica Potter",New Line Cinema,115 min,PG-13,"['Action', 'Adventure', 'Comedy', 'Family', 'Sci-Fi']"
440,The Godfather,202292902,1972,97%,9.2,Francis Ford Coppola,"Marlon Brando, Al Pacino, James Caan",Universal Pictures,175 min,R,"['Biography', 'Comedy', 'Drama', 'Romance']"
441,Ride Along,246120986,2014,18%,6.1,Tim Story,"Ice Cube, Kevin Hart, Tika Sumpter",Paramount Pictures,99 min,PG-13,"['Crime', 'Drama']"
442,The Incredible Hulk,154468902,2008,67%,6.6,Louis Leterrier,"Edward Norton, Liv Tyler, Tim Roth",Universal Pictures,112 min,PG-13,"['Action', 'Comedy', 'Crime']"
443,Live Free or Die Hard,264770996,2007,82%,7.1,Len Wiseman,"Bruce Willis, Justin Long, Timothy Olyphant",Universal Pictures,128 min,PG-13,"['Action', 'Adventure', 'Sci-Fi']"
444,Wanted,388156011,2008,71%,6.7,Timur Bekmambetov,"Angelina Jolie, James McAvoy, Morgan Freeman",Twentieth Century Fox,110 min,R,"['Action', 'Thriller']"
445,Identity Thief,342463063,2013,19%,5.7,Seth Gordon,"Jason Bateman, Melissa McCarthy, John Cho",Universal Pictures,111 min,R,"['Action', 'Crime', 'Thriller']"
446,Superman,173965010,1978,93%,7.4,Richard Donner,"Christopher Reeve, Margot Kidder, Gene Hackman",Universal Pictures,143 min,PG,"['Comedy', 'Crime', 'Drama']"
447,The Rock,300451603,1996,68%,7.4,Michael Bay,"Sean Connery, Nicolas Cage, Ed Harris",Warner Bros.,136 min,R,"['Action', 'Adventure', 'Sci-Fi']"
448,Mission: Impossible III,335062621,2006,71%,6.9,J.J. Abrams,"Tom Cruise, Michelle Monaghan, Ving Rhames",Walt Disney Studios Motion Pictures,126 min,PG-13,"['Action', 'Adventure', 'Thriller']"
449,Grown Ups 2,398479497,2013,8%,5.3,Dennis Dugan,"Adam Sandler, Kevin James, Chris Rock",Paramount Pictures,101 min,PG-13,"['Action', 'Adventure', 'Thriller']"
450,Troy,246984278,2004,53%,7.3,Wolfgang Petersen,"Brad Pitt, Eric Bana, Orlando Bloom",Sony Pictures Entertainment (SPE),163 min,R,['Comedy']
451,Angels & Demons,497409852,2009,37%,6.7,Ron Howard,"Tom Hanks, Ewan McGregor, Ayelet Zurer",Warner Bros.,138 min,PG-13,"['Drama', 'History']"
452,Alvin and the Chipmunks: Chipwrecked,485930816,2011,12%,4.3,Mike Mitchell,"Justin Long, Matthew Gray Gubler, Jesse McCartney",Sony Pictures Entertainment (SPE),87 min,G,"['Action', 'Mystery', 'Thriller']"
453,Bringing Down the House,342695435,2003,34%,5.6,Adam Shankman,"Steve Martin, Queen Latifah, Eugene Levy",Twentieth Century Fox,105 min,PG-13,"['Adventure', 'Animation', 'Comedy', 'Family', 'Fantasy', 'Music', 'Musical']"
454,The Wolverine,164729679,2013,71%,6.7,James Mangold,"Hugh Jackman, Will Yun Lee, Tao Okamoto",Walt Disney Studios Motion Pictures,126 min,PG-13,['Comedy']
455,Wonder,414828246,2017,85%,7.9,Stephen Chbosky,"Jacob Tremblay, Owen Wilson, Izabela Vidovic",Twentieth Century Fox,113 min,PG,"['Action', 'Sci-Fi']"
456,The Departed,306209289,2006,90%,8.5,Martin Scorsese,"Leonardo DiCaprio, Matt Damon, Jack Nicholson",Lionsgate,151 min,R,"['Drama', 'Family']"
457,Hulk,291465373,2003,62%,5.6,Ang Lee,"Eric Bana, Jennifer Connelly, Sam Elliott",Warner Bros.,138 min,PG-13,"['Crime', 'Drama', 'Thriller']"
458,Silver Linings Playbook,245285165,2012,92%,7.7,David O. Russell,"Bradley Cooper, Jennifer Lawrence, Robert De Niro",Universal Pictures,122 min,R,"['Action', 'Sci-Fi']"
459,Minority Report,236412453,2002,90%,7.6,Steven Spielberg,"Tom Cruise, Colin Farrell, Samantha Morton",The Weinstein Company,145 min,PG-13,"['Comedy', 'Drama', 'Romance']"
460,The Last Airbender,358372926,2010,5%,4.0,M. Night Shyamalan,"Noah Ringer, Nicola Peltz Beckham, Jackson Rathbone",Twentieth Century Fox,103 min,PG,"['Action', 'Crime', 'Mystery', 'Sci-Fi', 'Thriller']"
461,Rio 2,301913131,2014,48%,6.3,Carlos Saldanha,"Jesse Eisenberg, Anne Hathaway, Jemaine Clement",Twentieth Century Fox,101 min,G,"['Action', 'Adventure', 'Fantasy', 'Sci-Fi']"
462,Lara Croft: Tomb Raider,319713881,2001,20%,5.7,Simon West,"Angelina Jolie, Jon Voight, Iain Glen",Paramount Pictures,100 min,PG-13,"['Action', 'Adventure', 'Family', 'Fantasy']"
463,The Silence of the Lambs,498781117,1991,95%,8.6,Jonathan Demme,"Jodie Foster, Anthony Hopkins, Lawrence A. Bonney",Twentieth Century Fox,118 min,R,"['Adventure', 'Animation', 'Comedy', 'Family', 'Music', 'Musical']"
464,The Flintstones,274703340,1994,21%,5.0,Brian Levant,"John Goodman, Rick Moranis, Rosie O'Donnell",Paramount Pictures,91 min,PG,"['Action', 'Adventure', 'Fantasy', 'Thriller']"
465,Lethal Weapon 4,272742922,1998,52%,6.6,Richard Donner,"Mel Gibson, Danny Glover, Joe Pesci",Orion Pictures,127 min,R,"['Crime', 'Drama', 'Horror', 'Thriller']"
466,Get Smart,341631208,2008,51%,6.5,Peter Segal,"Steve Carell, Anne Hathaway, Alan Arkin",Universal Pictures,110 min,PG-13,"['Comedy', 'Family', 'Fantasy']"
467,The Divergent Series: Insurgent,285444603,2015,28%,6.2,Robert Schwentke,"Shailene Woodley, Ansel Elgort, Theo James",Warner Bros.,119 min,PG-13,"['Action', 'Crime', 'Thriller']"
468,The Peanuts Movie,230685453,2015,87%,7.0,Steve Martino,"Noah Schnapp, Bill Melendez, Hadley Belle Miller",Warner Bros.,88 min,G,"['Action', 'Adventure', 'Comedy']"
469,Transformers: The Last Knight,297002527,2017,16%,5.2,Michael Bay,"Mark Wahlberg, Anthony Hopkins, Josh Duhamel",Lionsgate,154 min,PG-13,"['Action', 'Adventure', 'Sci-Fi', 'Thriller']"
470,American Gangster,246233113,2007,81%,7.8,Ridley Scott,"Denzel Washington, Russell Crowe, Chiwetel Ejiofor",Twentieth Century Fox,157 min,R,"['Adventure', 'Animation', 'Comedy', 'Drama', 'Family']"
471,American Beauty,605425157,1999,87%,8.4,Sam Mendes,"Kevin Spacey, Annette Bening, Thora Birch",Paramount Pictures,122 min,R,"['Action', 'Adventure', 'Sci-Fi']"
472,The Ring,269755430,2002,71%,7.1,Gore Verbinski,"Naomi Watts, Martin Henderson, Brian Cox",Universal Pictures,115 min,PG-13,"['Biography', 'Crime', 'Drama']"
473,The Nutty Professor,356296601,1996,64%,5.7,Tom Shadyac,"Eddie Murphy, Jada Pinkett Smith, James Coburn",DreamWorks Distribution,95 min,PG-13,['Drama']
474,Ghostbusters,249348933,1984,95%,7.8,Ivan Reitman,"Bill Murray, Dan Aykroyd, Sigourney Weaver",DreamWorks Distribution,105 min,PG,"['Horror', 'Mystery']"
475,Kingsman: The Secret Service,273961019,2014,75%,7.7,Matthew Vaughn,"Colin Firth, Taron Egerton, Samuel L. Jackson",Universal Pictures,129 min,R,"['Comedy', 'Romance', 'Sci-Fi']"
476,Robots,262552893,2005,64%,6.4,"Chris Wedge, Carlos Saldanha","Ewan McGregor, Halle Berry, Mel Brooks",Twentieth Century Fox,91 min,PG,['Comedy']
477,"Crouching Tiger, Hidden Dragon",229147509,2000,97%,7.9,Ang Lee,"Chow Yun-Fat, Michelle Yeoh, Ziyi Zhang",Sony Pictures Entertainment (SPE),120 min,PG-13,"['Action', 'Comedy', 'Fantasy', 'Sci-Fi']"
478,Shutter Island,414351546,2010,68%,8.2,Martin Scorsese,"Leonardo DiCaprio, Emily Mortimer, Mark Ruffalo",Twentieth Century Fox,138 min,R,"['Action', 'Adventure', 'Comedy', 'Thriller']"
479,Into the Woods,262511490,2014,71%,5.9,Rob Marshall,"Anna Kendrick, Meryl Streep, Chris Pine",Twentieth Century Fox,125 min,PG,"['Adventure', 'Animation', 'Comedy', 'Family', 'Romance', 'Sci-Fi']"
480,Rocky IV,213525736,1985,37%,6.8,Sylvester Stallone,"Sylvester Stallone, Talia Shire, Burt Young",Sony Pictures Classics,91 min,PG,"['Action', 'Adventure', 'Drama', 'Fantasy', 'Romance']"
481,Enchanted,294805697,2007,93%,7.1,Kevin Lima,"Amy Adams, Susan Sarandon, James Marsden",Paramount Pictures,107 min,PG,"['Mystery', 'Thriller']"
482,The Curious Case of Benjamin Button,212902372,2008,71%,7.8,David Fincher,"Brad Pitt, Cate Blanchett, Tilda Swinton",Walt Disney Studios Motion Pictures,166 min,PG-13,"['Adventure', 'Comedy', 'Drama', 'Fantasy', 'Musical']"
483,Central Intelligence,300473716,2016,71%,6.3,Rawson Marshall Thurber,"Dwayne Johnson, Kevin Hart, Danielle Nicolet",United Artists,107 min,PG-13,"['Drama', 'Sport']"
484,Anchorman 2: The Legend Continues,340487836,2013,75%,6.3,Adam McKay,"Will Ferrell, Christina Applegate, Paul Rudd",Walt Disney Studios Motion Pictures,119 min,PG-13,"['Adventure', 'Animation', 'Comedy', 'Family', 'Fantasy', 'Musical', 'Romance']"
485,Sweet Home Alabama,335802786,2002,38%,6.2,Andy Tennant,"Reese Witherspoon, Patrick Dempsey, Josh Lucas",Paramount Pictures,108 min,PG-13,"['Drama', 'Fantasy', 'Romance']"
486,Bumblebee,216972543,2018,91%,6.7,Travis Knight,"Hailee Steinfeld, Jorge Lendeborg Jr., John Cena",Warner Bros.,114 min,PG-13,"['Action', 'Comedy', 'Crime']"
487,Dumb and Dumber,173649931,1994,68%,7.3,"Peter Farrelly, Bobby Farrelly","Jim Carrey, Jeff Daniels, Lauren Holly",Paramount Pictures,107 min,PG-13,['Comedy']
488,2 Fast 2 Furious,180622424,2003,36%,5.9,John Singleton,"Paul Walker, Tyrese Gibson, Cole Hauser",Walt Disney Studios Motion Pictures,107 min,PG-13,"['Comedy', 'Romance']"
489,My Best Friend's Wedding,467989645,1997,74%,6.3,P.J. Hogan,"Julia Roberts, Dermot Mulroney, Cameron Diaz",Paramount Pictures,105 min,PG-13,"['Action', 'Adventure', 'Sci-Fi']"
490,Super 8,247275374,2011,81%,7.0,J.J. Abrams,"Elle Fanning, AJ Michalka, Kyle Chandler",New Line Cinema,112 min,PG-13,['Comedy']
491,The World Is Not Enough,236350661,1999,51%,6.4,Michael Apted,"Pierce Brosnan, Sophie Marceau, Robert Carlyle",Universal Pictures,128 min,PG-13,"['Action', 'Crime', 'Thriller']"
492,Sleepless in Seattle,299288605,1993,75%,6.8,Nora Ephron,"Tom Hanks, Meg Ryan, Ross Malinger",Sony Pictures Entertainment (SPE),105 min,PG,"['Comedy', 'Drama', 'Romance']"
493,Lucy,260095986,2014,66%,6.4,Luc Besson,"Scarlett Johansson, Morgan Freeman, Choi Min-sik",Paramount Pictures,89 min,R,"['Action', 'Mystery', 'Sci-Fi', 'Thriller']"
494,The Legend of Tarzan,361832400,2016,35%,6.2,David Yates,"Alexander Skarsgård, Rory J Saper, Christian Stevens",Metro-Goldwyn-Mayer (MGM),110 min,PG-13,"['Action', 'Adventure', 'Thriller']"
495,Bee Movie,227927165,2007,49%,6.1,"Simon J. Smith, Steve Hickner","Jerry Seinfeld, Renée Zellweger, Matthew Broderick",TriStar Pictures,91 min,PG,"['Comedy', 'Drama', 'Romance']"
496,Prometheus,458863600,2012,73%,7.0,Ridley Scott,"Noomi Rapace, Logan Marshall-Green, Michael Fassbender",Universal Pictures,124 min,R,"['Action', 'Sci-Fi', 'Thriller']"
